# ************************************************************
# Sequel Pro SQL dump
# Version 4096
#
# http://www.sequelpro.com/
# http://code.google.com/p/sequel-pro/
#
# Host: 127.0.0.1 (MySQL 5.6.34)
# Database: gold_shop
# Generation Time: 2017-05-11 04:44:17 +0000
# ************************************************************


/*!40101 SET @OLD_CHARACTER_SET_CLIENT=@@CHARACTER_SET_CLIENT */;
/*!40101 SET @OLD_CHARACTER_SET_RESULTS=@@CHARACTER_SET_RESULTS */;
/*!40101 SET @OLD_COLLATION_CONNECTION=@@COLLATION_CONNECTION */;
/*!40101 SET NAMES utf8 */;
/*!40014 SET @OLD_FOREIGN_KEY_CHECKS=@@FOREIGN_KEY_CHECKS, FOREIGN_KEY_CHECKS=0 */;
/*!40101 SET @OLD_SQL_MODE=@@SQL_MODE, SQL_MODE='NO_AUTO_VALUE_ON_ZERO' */;
/*!40111 SET @OLD_SQL_NOTES=@@SQL_NOTES, SQL_NOTES=0 */;


# Dump of table admin_logs
# ------------------------------------------------------------

DROP TABLE IF EXISTS `admin_logs`;

CREATE TABLE `admin_logs` (
  `id` int(10) unsigned NOT NULL AUTO_INCREMENT,
  `admin_name` varchar(100) COLLATE utf8mb4_unicode_ci NOT NULL COMMENT '操作人姓名',
  `action_name` varchar(100) COLLATE utf8mb4_unicode_ci NOT NULL COMMENT '操作action_name',
  `action` varchar(255) COLLATE utf8mb4_unicode_ci DEFAULT '' COMMENT '操作行为',
  `comment` text COLLATE utf8mb4_unicode_ci COMMENT '操作说明',
  `ip` varchar(32) COLLATE utf8mb4_unicode_ci DEFAULT '' COMMENT '操作ip',
  `created_at` timestamp NOT NULL DEFAULT CURRENT_TIMESTAMP,
  PRIMARY KEY (`id`)
) ENGINE=InnoDB DEFAULT CHARSET=utf8mb4 COLLATE=utf8mb4_unicode_ci;



# Dump of table country
# ------------------------------------------------------------

DROP TABLE IF EXISTS `country`;

CREATE TABLE `country` (
  `id` int(10) unsigned NOT NULL AUTO_INCREMENT,
  `name` varchar(100) COLLATE utf8mb4_unicode_ci NOT NULL DEFAULT '' COMMENT '国家名称',
  `type_id` int(11) NOT NULL DEFAULT '0' COMMENT '区域类型',
  `p_id` int(11) NOT NULL DEFAULT '0' COMMENT '上一层id',
  `created_at` timestamp NOT NULL DEFAULT CURRENT_TIMESTAMP,
  `updated_at` timestamp NULL DEFAULT NULL,
  PRIMARY KEY (`id`),
  KEY `country_name_index` (`name`)
) ENGINE=InnoDB DEFAULT CHARSET=utf8mb4 COLLATE=utf8mb4_unicode_ci;

LOCK TABLES `country` WRITE;
/*!40000 ALTER TABLE `country` DISABLE KEYS */;

INSERT INTO `country` (`id`, `name`, `type_id`, `p_id`, `created_at`, `updated_at`)
VALUES
	(1,'Egypt',1,0,'2017-04-23 19:11:57','2017-04-23 19:11:57'),
	(2,'القاهرة',2,1,'2017-04-23 19:13:50','2017-05-10 02:56:15'),
	(3,'قسم مصر القديمة',3,2,'2017-04-23 19:13:57','2017-05-10 02:56:31'),
	(4,'قسم السيدة زينب',3,2,'2017-04-23 19:14:03','2017-05-10 02:56:39'),
	(5,'قسم الخليفة',3,2,'2017-04-23 19:14:10','2017-05-10 02:56:51'),
	(6,'قسم عابدين',3,2,'2017-04-23 19:14:15','2017-05-10 02:56:57'),
	(7,'قسم الموسكي',3,2,'2017-04-23 19:14:20','2017-05-10 02:57:04'),
	(8,'قسم قصر النيل',3,2,'2017-04-23 19:14:27','2017-05-10 02:57:10'),
	(9,'قسم بولاق',3,2,'2017-04-23 19:14:32','2017-05-10 02:57:16'),
	(10,'قسم الأزبكية',3,2,'2017-04-23 19:14:38','2017-05-10 02:57:24'),
	(11,'قسم الدرب الأحمر',3,2,'2017-04-23 19:14:51','2017-05-10 02:57:31'),
	(12,'قسم الجمالية',3,2,'2017-04-23 19:16:50','2017-05-10 02:57:37'),
	(13,'قسم باب الشعرية',3,2,'2017-04-23 19:16:56','2017-05-10 02:57:47'),
	(14,'الاسكندرية',2,1,'2017-04-23 19:17:12','2017-05-10 03:02:00'),
	(15,'قسم المنتزه',3,14,'2017-04-23 19:25:24','2017-05-10 03:03:39'),
	(16,'قسم محطة الرمل',3,14,'2017-04-23 19:25:28','2017-05-10 03:03:44'),
	(17,'قسم سيدي جابر',3,14,'2017-04-23 19:25:32','2017-05-10 03:03:49'),
	(18,'قسم باب شرق',3,14,'2017-04-23 19:25:37','2017-05-10 03:03:54'),
	(19,'قسم محرم بك',3,14,'2017-04-23 19:25:43','2017-05-10 03:04:00'),
	(20,'قسم العطارين',3,14,'2017-04-23 19:25:47','2017-05-10 03:04:10'),
	(21,'قسم المنشيه',3,14,'2017-04-23 19:25:51','2017-05-10 03:04:15'),
	(22,'قسم كرموز',3,14,'2017-04-23 19:25:56','2017-05-10 03:04:21'),
	(23,'قسم اللبان',3,14,'2017-04-23 19:26:00','2017-05-10 03:04:27'),
	(24,'قسم الجمرك',3,14,'2017-04-23 19:26:05','2017-05-10 03:05:48'),
	(25,'قسم مينا البصل',3,14,'2017-04-23 19:26:09','2017-05-10 03:06:04'),
	(26,'قسم الدخيلة',3,14,'2017-04-23 19:26:14','2017-05-10 03:06:09'),
	(27,'قسم العامرية',3,14,'2017-04-23 19:26:18','2017-05-10 03:06:14'),
	(28,'قسم برج العرب',3,14,'2017-04-23 19:26:22','2017-05-10 03:06:19'),
	(29,'قسم برج العرب الجديدة',3,14,'2017-04-23 19:26:26','2017-05-10 03:06:38'),
	(30,'قسم ثاني محطة الرمل',3,14,'2017-04-23 19:26:30','2017-05-10 03:06:43'),
	(31,'الساحل الشمالي',3,14,'2017-04-23 19:26:34','2017-05-10 03:06:48'),
	(32,'china',1,0,'2017-05-04 21:40:45','2017-05-04 21:40:45'),
	(33,'北京市',3,36,'2017-05-04 21:42:02','2017-05-04 21:44:26'),
	(34,'河北省',2,32,'2017-05-04 21:43:13','2017-05-04 21:43:13'),
	(35,'保定市',3,34,'2017-05-04 21:43:39','2017-05-04 21:43:39'),
	(36,'北京省',2,32,'2017-05-04 21:44:14','2017-05-04 21:44:14'),
	(37,'بورسعيد',2,1,'2017-05-10 02:25:12','2017-05-10 02:25:12'),
	(38,'قسم الشرق',3,37,'2017-05-10 02:25:32','2017-05-10 02:25:32'),
	(39,'قسم العرب',3,37,'2017-05-10 02:25:43','2017-05-10 02:25:43'),
	(40,'قسم المناخ',3,37,'2017-05-10 02:25:50','2017-05-10 02:25:50'),
	(41,'قسم بورفؤاد',3,37,'2017-05-10 02:25:57','2017-05-10 02:25:57'),
	(42,'قسم الضواحي',3,37,'2017-05-10 02:26:04','2017-05-10 02:26:04'),
	(43,'قسم شرطة بورسعيد',3,37,'2017-05-10 02:26:11','2017-05-10 02:26:11'),
	(44,'قسم الزهور',3,37,'2017-05-10 02:26:17','2017-05-10 02:26:17'),
	(45,'قسم ثاني بورفؤاد',3,37,'2017-05-10 02:26:26','2017-05-10 02:26:26'),
	(46,'قسم مبارك شرق',3,37,'2017-05-10 02:26:32','2017-05-10 02:26:32'),
	(47,'قسم المناصره',3,37,'2017-05-10 02:26:38','2017-05-10 02:26:38'),
	(48,'قسم ثاني جنوب',3,37,'2017-05-10 02:26:44','2017-05-10 02:26:44'),
	(49,'السويس',2,1,'2017-05-10 02:27:11','2017-05-10 02:27:11'),
	(50,'قسم السويس',3,49,'2017-05-10 02:27:26','2017-05-10 02:27:26'),
	(51,'قسم الأربعين',3,49,'2017-05-10 02:27:31','2017-05-10 02:27:31'),
	(52,'قسم عتاقة',3,49,'2017-05-10 02:27:38','2017-05-10 02:27:38'),
	(53,'قسم الفيصل',3,49,'2017-05-10 02:27:44','2017-05-10 02:27:44'),
	(54,'قسم الجناين',3,49,'2017-05-10 02:27:50','2017-05-10 02:27:50'),
	(55,'الدقهلية',2,1,'2017-05-10 02:28:29','2017-05-10 02:28:29'),
	(56,'قسم أول المنصورة',3,55,'2017-05-10 02:28:40','2017-05-10 02:28:40'),
	(57,'قسم ثاني المنصورة',3,55,'2017-05-10 02:28:46','2017-05-10 02:28:46'),
	(58,'مركز المنصورة',3,55,'2017-05-10 02:28:50','2017-05-10 02:28:50'),
	(59,'مركز أجا',3,55,'2017-05-10 02:28:54','2017-05-10 02:28:54'),
	(60,'مركز السنبلاوين',3,55,'2017-05-10 02:28:58','2017-05-10 02:28:58'),
	(61,'مركز المطرية',3,55,'2017-05-10 02:29:03','2017-05-10 02:29:03'),
	(62,'مركز المنزله',3,55,'2017-05-10 02:29:07','2017-05-10 02:29:07'),
	(63,'مركز بلقاس',3,55,'2017-05-10 02:29:12','2017-05-10 02:29:12'),
	(64,'مركز دكرنس',3,55,'2017-05-10 02:29:15','2017-05-10 02:29:15'),
	(65,'مركز شربين',3,55,'2017-05-10 02:29:20','2017-05-10 02:29:20'),
	(66,'مركز طلخا',3,55,'2017-05-10 02:29:24','2017-05-10 02:29:24'),
	(67,'قسم ميت غمر',3,55,'2017-05-10 02:29:28','2017-05-10 02:29:28'),
	(68,'مركز ميت غمر',3,55,'2017-05-10 02:29:34','2017-05-10 02:29:34'),
	(69,'مركز منية النصر',3,55,'2017-05-10 02:29:38','2017-05-10 02:29:38'),
	(70,'مركز الجمالية',3,55,'2017-05-10 02:29:42','2017-05-10 02:29:42'),
	(71,'مركز تمي الأمديد',3,55,'2017-05-10 02:29:46','2017-05-10 02:29:46'),
	(72,'مركز ميت سلسيل',3,55,'2017-05-10 02:29:51','2017-05-10 02:29:51'),
	(73,'مركز بني عبيد',3,55,'2017-05-10 02:29:55','2017-05-10 02:29:55'),
	(74,'مركز محلة دمنه',3,55,'2017-05-10 02:29:59','2017-05-10 02:29:59'),
	(75,'قسم جمصه',3,55,'2017-05-10 02:30:05','2017-05-10 02:30:05'),
	(76,'البحيرة',2,1,'2017-05-10 02:37:14','2017-05-10 02:37:14'),
	(77,'قسم دمنهور',3,76,'2017-05-10 02:37:59','2017-05-10 02:37:59'),
	(78,'مركز دمنهور',3,76,'2017-05-10 02:38:14','2017-05-10 02:38:14'),
	(79,'مركز أبو المطامير',3,76,'2017-05-10 02:38:57','2017-05-10 02:38:57'),
	(80,'مركز أبوحمص',3,76,'2017-05-10 02:39:03','2017-05-10 02:39:03'),
	(81,'مركز الدلنجات',3,76,'2017-05-10 02:39:10','2017-05-10 02:39:10'),
	(82,'مركز المحمودية',3,76,'2017-05-10 02:39:15','2017-05-10 02:39:15'),
	(83,'مركز ايتاي البارود',3,76,'2017-05-10 02:39:21','2017-05-10 02:39:21'),
	(84,'مركز حوش عيسي',3,76,'2017-05-10 02:39:28','2017-05-10 02:39:28'),
	(85,'مركز رشيد',3,76,'2017-05-10 02:39:34','2017-05-10 02:39:34'),
	(86,'مركز شبراخيت',3,76,'2017-05-10 02:39:51','2017-05-10 02:39:51'),
	(87,'قسم كفر الدوار',3,76,'2017-05-10 02:39:56','2017-05-10 02:39:56'),
	(88,'مركز كفر الدوار',3,76,'2017-05-10 02:40:00','2017-05-10 02:40:00'),
	(89,'مركز كوم حمادة',3,76,'2017-05-10 02:40:34','2017-05-10 02:40:34'),
	(90,'مركز وادي النطرون',3,76,'2017-05-10 02:40:38','2017-05-10 02:40:38'),
	(91,'مركز الرحمانية',3,76,'2017-05-10 02:40:42','2017-05-10 02:40:42'),
	(92,'مركز ادكو',3,76,'2017-05-10 02:40:46','2017-05-10 02:40:46'),
	(93,'قسم النوبارية غرب',3,76,'2017-05-10 02:40:49','2017-05-10 02:40:49'),
	(94,'مركز بدر',3,76,'2017-05-10 02:40:54','2017-05-10 02:40:54'),
	(95,'الغربية',2,1,'2017-05-10 02:41:20','2017-05-10 02:41:20'),
	(96,'قسم أول طنطا',3,95,'2017-05-10 02:41:31','2017-05-10 02:41:31'),
	(97,'قسم ثاني طنطا',3,95,'2017-05-10 02:41:35','2017-05-10 02:41:35'),
	(98,'مركز طنطا',3,95,'2017-05-10 02:41:40','2017-05-10 02:41:40'),
	(99,'مركز السنطة',3,95,'2017-05-10 02:41:44','2017-05-10 02:41:44'),
	(100,'قسم أول المحلة الكبري',3,95,'2017-05-10 02:41:48','2017-05-10 02:41:48'),
	(101,'قسم ثاني المحلة الكبري',3,95,'2017-05-10 02:41:53','2017-05-10 02:41:53'),
	(102,'مركز المحلة الكبري',3,95,'2017-05-10 02:41:57','2017-05-10 02:41:57'),
	(103,'مركز بسيون',3,95,'2017-05-10 02:42:01','2017-05-10 02:42:01'),
	(104,'مركز زفتي',3,95,'2017-05-10 02:42:05','2017-05-10 02:42:05'),
	(105,'مركز سمنود',3,95,'2017-05-10 02:42:09','2017-05-10 02:42:09'),
	(106,'مركز قطور',3,95,'2017-05-10 02:42:13','2017-05-10 02:42:13'),
	(107,'مركز كفر الزيات',3,95,'2017-05-10 02:42:17','2017-05-10 02:42:17'),
	(108,'الاسماعلية',2,1,'2017-05-10 02:42:42','2017-05-10 02:42:42'),
	(109,'قسم أول الاسماعلية',3,108,'2017-05-10 02:42:53','2017-05-10 02:42:53'),
	(110,'قسم ثاني الاسماعلية',3,108,'2017-05-10 02:43:01','2017-05-10 02:43:01'),
	(111,'قسم ثالث الاسماعلية',3,108,'2017-05-10 02:43:05','2017-05-10 02:43:05'),
	(112,'مركز الاسماعلية',3,108,'2017-05-10 02:43:09','2017-05-10 02:43:09'),
	(113,'مركز التل الكبير',3,108,'2017-05-10 02:43:13','2017-05-10 02:43:13'),
	(114,'مركز القنطرة',3,108,'2017-05-10 02:43:17','2017-05-10 02:43:17'),
	(115,'مركز فايد',3,108,'2017-05-10 02:43:21','2017-05-10 02:43:21'),
	(116,'قسم القنطرة شرق',3,108,'2017-05-10 02:43:25','2017-05-10 02:43:25'),
	(117,'المنوفية',2,1,'2017-05-10 02:44:10','2017-05-10 02:44:10'),
	(118,'قسم شبين الكوم',3,117,'2017-05-10 02:44:22','2017-05-10 02:44:22'),
	(119,'مركز شبين الكوم',3,117,'2017-05-10 02:44:29','2017-05-10 02:44:29'),
	(120,'مركز أشمون',3,117,'2017-05-10 02:44:34','2017-05-10 02:44:34'),
	(121,'مركز الباجور',3,117,'2017-05-10 02:44:39','2017-05-10 02:44:39'),
	(122,'مركز الشهداء',3,117,'2017-05-10 02:44:43','2017-05-10 02:44:43'),
	(123,'مركز بركة السبع',3,117,'2017-05-10 02:44:47','2017-05-10 02:44:47'),
	(124,'مركز تلا',3,117,'2017-05-10 02:44:51','2017-05-10 02:44:51'),
	(125,'مركز قويسنا',3,117,'2017-05-10 02:44:55','2017-05-10 02:44:55'),
	(126,'مركز منوف',3,117,'2017-05-10 02:44:59','2017-05-10 02:44:59'),
	(127,'قسم سيرس الليان',3,117,'2017-05-10 02:45:04','2017-05-10 02:45:04'),
	(128,'مركز مدينة السادات',3,117,'2017-05-10 02:45:08','2017-05-10 02:45:08'),
	(129,'قسم المنوفيه',3,117,'2017-05-10 02:45:13','2017-05-10 02:45:13'),
	(130,'القليوبية',2,1,'2017-05-10 02:46:37','2017-05-10 02:46:37'),
	(131,'قسم بنها',3,130,'2017-05-10 02:46:49','2017-05-10 02:46:49'),
	(132,'مركز بنها',3,130,'2017-05-10 02:46:56','2017-05-10 02:46:56'),
	(133,'مركز الخانكه',3,130,'2017-05-10 02:47:00','2017-05-10 02:47:00'),
	(134,'مركز القناطر الخيرية',3,130,'2017-05-10 02:47:05','2017-05-10 02:47:05'),
	(135,'مركز شبين القناطر',3,130,'2017-05-10 02:47:08','2017-05-10 02:47:08'),
	(136,'قسم أول شبرا الخيمة',3,130,'2017-05-10 02:47:12','2017-05-10 02:47:12'),
	(137,'قسم ثان شبرا الخيمة',3,130,'2017-05-10 02:47:16','2017-05-10 02:47:16'),
	(138,'مركز طوخ',3,130,'2017-05-10 02:47:20','2017-05-10 02:47:20'),
	(139,'قسم قليوب',3,130,'2017-05-10 02:47:25','2017-05-10 02:47:25'),
	(140,'مركز قليوب',3,130,'2017-05-10 02:47:29','2017-05-10 02:47:29'),
	(141,'مركز كفر شكر',3,130,'2017-05-10 02:47:38','2017-05-10 02:47:38'),
	(142,'قسم الخصوص',3,130,'2017-05-10 02:48:05','2017-05-10 02:48:05'),
	(143,'قسم العبور',3,130,'2017-05-10 02:48:13','2017-05-10 02:48:13'),
	(144,'قسم قها',3,130,'2017-05-10 02:48:17','2017-05-10 02:48:17'),
	(145,'الشرقية',2,1,'2017-05-10 02:51:56','2017-05-10 02:51:56'),
	(146,'قسم أول الزقازيق',3,145,'2017-05-10 02:52:10','2017-05-10 02:52:10'),
	(147,'قسم ثان الزقازيق',3,145,'2017-05-10 02:52:15','2017-05-10 02:52:15'),
	(148,'مركز الزقازيق',3,145,'2017-05-10 02:52:20','2017-05-10 02:52:20'),
	(149,'مركز أبو حماد',3,145,'2017-05-10 02:52:24','2017-05-10 02:52:24'),
	(150,'مركز أبوكبير',3,145,'2017-05-10 02:52:28','2017-05-10 02:52:28'),
	(151,'مركز الحسينية',3,145,'2017-05-10 02:52:33','2017-05-10 02:52:33'),
	(152,'قسم الصالحية الجديدة',3,145,'2017-05-10 02:52:43','2017-05-10 02:52:43'),
	(153,'مركز بلبيس',3,145,'2017-05-10 02:52:48','2017-05-10 02:52:48'),
	(154,'قسم أول العاشر من رمضان',3,145,'2017-05-10 02:52:52','2017-05-10 02:52:52'),
	(155,'مركز ديرب نجم',3,145,'2017-05-10 02:52:56','2017-05-10 02:52:56'),
	(156,'قسم فاقوس',3,145,'2017-05-10 02:53:00','2017-05-10 02:53:00'),
	(157,'مركز فاقوس',3,145,'2017-05-10 02:53:05','2017-05-10 02:53:05'),
	(158,'مركز كفر صقر',3,145,'2017-05-10 02:53:09','2017-05-10 02:53:09'),
	(159,'مركز منيا القمح',3,145,'2017-05-10 02:53:13','2017-05-10 02:53:13'),
	(160,'مركز هيها',3,145,'2017-05-10 02:53:17','2017-05-10 02:53:17'),
	(161,'مركز مشتول السوق',3,145,'2017-05-10 02:53:21','2017-05-10 02:53:21'),
	(162,'مركز الابراهيمية',3,145,'2017-05-10 02:53:25','2017-05-10 02:53:25'),
	(163,'مركز القنايات',3,145,'2017-05-10 02:53:29','2017-05-10 02:53:29'),
	(164,'مركز أولاد صقر',3,145,'2017-05-10 02:53:33','2017-05-10 02:53:33'),
	(165,'قسم القرين',3,145,'2017-05-10 02:53:36','2017-05-10 02:53:36'),
	(166,'قسم ثان العاشر من رمضان',3,145,'2017-05-10 02:53:40','2017-05-10 02:53:40'),
	(167,'دمياط',2,1,'2017-05-10 02:54:17','2017-05-10 02:54:17'),
	(168,'قسم أول دمياط',3,167,'2017-05-10 02:54:27','2017-05-10 02:54:27'),
	(169,'مركز دمياط',3,167,'2017-05-10 02:54:39','2017-05-10 02:54:39'),
	(170,'مركز فارسكور',3,167,'2017-05-10 02:54:44','2017-05-10 02:54:44'),
	(171,'مركز كفر سعد',3,167,'2017-05-10 02:54:48','2017-05-10 02:54:48'),
	(172,'قسم مدينة دمياط الجديدة',3,167,'2017-05-10 02:54:51','2017-05-10 02:54:51'),
	(173,'قسم رأس البر',3,167,'2017-05-10 02:54:55','2017-05-10 02:54:55'),
	(174,'مركز الزرقا',3,167,'2017-05-10 02:54:59','2017-05-10 02:54:59'),
	(175,'قسم ثان دمياط',3,167,'2017-05-10 02:55:04','2017-05-10 02:55:04'),
	(176,'كفر الشيخ',2,1,'2017-05-10 02:55:07','2017-05-10 02:55:07'),
	(177,'قسم كفر الشيخ',3,176,'2017-05-10 02:56:33','2017-05-10 02:56:33'),
	(178,'مركز كفر الشيخ',3,176,'2017-05-10 02:56:42','2017-05-10 02:56:42'),
	(179,'مركز البرلس',3,176,'2017-05-10 02:56:51','2017-05-10 02:56:51'),
	(180,'مركز بيلا',3,176,'2017-05-10 02:57:05','2017-05-10 02:57:05'),
	(181,'قسم دسوق',3,176,'2017-05-10 02:57:18','2017-05-10 02:57:18'),
	(182,'مركز دسوق',3,176,'2017-05-10 02:57:28','2017-05-10 02:57:28'),
	(183,'مركز سيدي سالم',3,176,'2017-05-10 02:57:35','2017-05-10 02:57:35'),
	(184,'مركز فوه',3,176,'2017-05-10 02:57:42','2017-05-10 02:57:42'),
	(185,'مركز قلين',3,176,'2017-05-10 02:57:50','2017-05-10 02:57:50'),
	(186,'قسم الزهراء',3,2,'2017-05-10 02:57:53','2017-05-10 02:57:53'),
	(187,'مركز مطوبس',3,176,'2017-05-10 02:57:59','2017-05-10 02:57:59'),
	(188,'قسم الشرابية',3,2,'2017-05-10 02:58:00','2017-05-10 02:58:00'),
	(189,'قسم شبرا',3,2,'2017-05-10 02:58:06','2017-05-10 02:58:06'),
	(190,'مركز الحامول',3,176,'2017-05-10 02:58:07','2017-05-10 02:58:07'),
	(191,'قسم روض الفرج',3,2,'2017-05-10 02:58:10','2017-05-10 02:58:10'),
	(192,'قسم الساحل',3,2,'2017-05-10 02:58:14','2017-05-10 02:58:14'),
	(193,'مركز الرياض',3,176,'2017-05-10 02:58:18','2017-05-10 02:58:18'),
	(194,'قسم الوايلي',3,2,'2017-05-10 02:58:19','2017-05-10 02:58:19'),
	(195,'قسم القبة',3,2,'2017-05-10 02:58:23','2017-05-10 02:58:23'),
	(196,'قسم الزيتون',3,2,'2017-05-10 02:58:30','2017-05-10 02:58:30'),
	(197,'قسم المطرية',3,2,'2017-05-10 02:58:34','2017-05-10 02:58:34'),
	(198,'قسم أول مدينة نصر',3,2,'2017-05-10 02:58:38','2017-05-10 02:58:38'),
	(199,'قسم ثاني مدينة نصر',3,2,'2017-05-10 02:58:42','2017-05-10 02:58:42'),
	(200,'قسم هيليوبليس',3,2,'2017-05-10 02:58:46','2017-05-10 02:58:46'),
	(201,'قسم النزهة',3,2,'2017-05-10 02:58:50','2017-05-10 02:58:50'),
	(202,'قسم عين شمس',3,2,'2017-05-10 02:58:54','2017-05-10 02:58:54'),
	(203,'قسم الزاوية الحمراء',3,2,'2017-05-10 02:58:58','2017-05-10 02:58:58'),
	(204,'قسم السلام',3,2,'2017-05-10 02:59:01','2017-05-10 02:59:01'),
	(205,'قسم الزمالك',3,2,'2017-05-10 02:59:06','2017-05-10 02:59:06'),
	(206,'قسم منشاة ناصر',3,2,'2017-05-10 02:59:10','2017-05-10 02:59:10'),
	(207,'قسم البساتين',3,2,'2017-05-10 02:59:15','2017-05-10 02:59:15'),
	(208,'الجيزه',2,1,'2017-05-10 02:59:18','2017-05-10 02:59:18'),
	(209,'قسم المرج',3,2,'2017-05-10 02:59:19','2017-05-10 02:59:19'),
	(210,'قسم التبين',3,2,'2017-05-10 02:59:23','2017-05-10 02:59:23'),
	(211,'قسم حلوان',3,2,'2017-05-10 02:59:27','2017-05-10 02:59:27'),
	(212,'قسم 15 مايو',3,2,'2017-05-10 02:59:31','2017-05-10 02:59:31'),
	(213,'قسم امبابه',3,208,'2017-05-10 02:59:31','2017-05-10 02:59:31'),
	(214,'قسم المعادي',3,2,'2017-05-10 02:59:39','2017-05-10 02:59:39'),
	(215,'قسم طره',3,2,'2017-05-10 02:59:43','2017-05-10 02:59:43'),
	(216,'مركز الصف',3,2,'2017-05-10 02:59:47','2017-05-10 02:59:47'),
	(217,'مركز أطفيح',3,2,'2017-05-10 02:59:52','2017-05-10 02:59:52'),
	(218,'قسم أول القاهرة الجديدة',3,2,'2017-05-10 02:59:56','2017-05-10 02:59:56'),
	(219,'قسم ثاني القاهرة الجديدة',3,2,'2017-05-10 03:00:00','2017-05-10 03:00:00'),
	(220,'قسم ثالث القاهرة الجديدة',3,2,'2017-05-10 03:00:04','2017-05-10 03:00:04'),
	(221,'قسم الشروق',3,2,'2017-05-10 03:00:08','2017-05-10 03:00:08'),
	(222,'قسم مدينة بدر',3,2,'2017-05-10 03:00:12','2017-05-10 03:00:12'),
	(223,'قسم العجوزه',3,208,'2017-05-10 03:00:22','2017-05-10 03:00:22'),
	(224,'قسم الدقي',3,208,'2017-05-10 03:00:30','2017-05-10 03:00:30'),
	(225,'قسم الجيزه',3,208,'2017-05-10 03:00:37','2017-05-10 03:00:37'),
	(226,'قسم بولاق الدكرور',3,208,'2017-05-10 03:00:44','2017-05-10 03:00:44'),
	(227,'قسم الهرم',3,208,'2017-05-10 03:00:51','2017-05-10 03:00:51'),
	(228,'قسم الوراق',3,208,'2017-05-10 03:00:59','2017-05-10 03:00:59'),
	(229,'قسم الحرانية',3,208,'2017-05-10 03:01:06','2017-05-10 03:01:06'),
	(230,'مركز كرداسه',3,208,'2017-05-10 03:01:14','2017-05-10 03:01:14'),
	(231,'قسم الأهرام',3,208,'2017-05-10 03:01:22','2017-05-10 03:01:22'),
	(232,'قسم مدينة 6 أكتوبر',3,208,'2017-05-10 03:01:33','2017-05-10 03:01:33'),
	(233,'قسم الحوامدية',3,208,'2017-05-10 03:01:43','2017-05-10 03:01:43'),
	(234,'مركز الجيزة',3,208,'2017-05-10 03:01:53','2017-05-10 03:01:53'),
	(235,'مركز البدرشين',3,208,'2017-05-10 03:02:03','2017-05-10 03:02:03'),
	(236,'مركز العياط',3,208,'2017-05-10 03:02:10','2017-05-10 03:02:10'),
	(237,'مركز امبابه',3,208,'2017-05-10 03:02:18','2017-05-10 03:02:18'),
	(238,'قسم الواحات البحرية',3,208,'2017-05-10 03:02:26','2017-05-10 03:02:26'),
	(239,'مركز أوسيم',3,208,'2017-05-10 03:02:33','2017-05-10 03:02:33'),
	(240,'قسم الشيخ زايد',3,208,'2017-05-10 03:02:59','2017-05-10 03:02:59'),
	(241,'قسم كرداسه',3,208,'2017-05-10 03:03:07','2017-05-10 03:03:07'),
	(242,'قسم ثان مدينة 6 أكتوبر',3,208,'2017-05-10 03:03:16','2017-05-10 03:03:16'),
	(243,'الفيوم',2,1,'2017-05-10 03:07:24','2017-05-10 03:07:24'),
	(244,'قسم الفيوم',3,243,'2017-05-10 03:07:51','2017-05-10 03:07:51'),
	(245,'مركز الفيوم',3,243,'2017-05-10 03:07:58','2017-05-10 03:07:58'),
	(246,'مركز ابشواي',3,243,'2017-05-10 03:08:06','2017-05-10 03:08:06'),
	(247,'مركز اطسا',3,243,'2017-05-10 03:08:15','2017-05-10 03:08:15'),
	(248,'مركز سنورس',3,243,'2017-05-10 03:08:23','2017-05-10 03:08:23'),
	(249,'مركز طاميه',3,243,'2017-05-10 03:08:29','2017-05-10 03:08:29'),
	(250,'مركز يوسف الصديق',3,243,'2017-05-10 03:08:35','2017-05-10 03:08:35'),
	(251,'بني سويف',2,1,'2017-05-10 03:09:15','2017-05-10 03:09:15'),
	(252,'قسم بني سويف',3,251,'2017-05-10 03:09:31','2017-05-10 03:09:31'),
	(253,'مركز بني سويف',3,251,'2017-05-10 03:09:37','2017-05-10 03:09:37'),
	(254,'قسم مدينة بني سويف الجديدة',3,251,'2017-05-10 03:09:44','2017-05-10 03:09:44'),
	(255,'مركز الفشن',3,251,'2017-05-10 03:09:52','2017-05-10 03:09:52'),
	(256,'مركز الواسطي',3,251,'2017-05-10 03:09:58','2017-05-10 03:09:58'),
	(257,'مركز اهناسيا',3,251,'2017-05-10 03:10:05','2017-05-10 03:10:05'),
	(258,'مركز ببا',3,251,'2017-05-10 03:10:12','2017-05-10 03:10:12'),
	(259,'مركز سمسطا',3,251,'2017-05-10 03:10:20','2017-05-10 03:10:20'),
	(260,'مركز ناصر بوش',3,251,'2017-05-10 03:10:26','2017-05-10 03:10:26'),
	(261,'المنيا',2,1,'2017-05-10 03:11:12','2017-05-10 03:11:12'),
	(262,'قسم المنيا',3,261,'2017-05-10 03:11:25','2017-05-10 03:11:25'),
	(263,'مركز المنيا',3,261,'2017-05-10 03:11:33','2017-05-10 03:11:33'),
	(264,'مدينة المنيا الجديدة',3,261,'2017-05-10 03:11:40','2017-05-10 03:11:40'),
	(265,'مركز أبو قرقاص',3,261,'2017-05-10 03:11:46','2017-05-10 03:11:46'),
	(266,'مركز العدوه',3,261,'2017-05-10 03:11:53','2017-05-10 03:11:53'),
	(267,'مركز بني مزار',3,261,'2017-05-10 03:12:01','2017-05-10 03:12:01'),
	(268,'مركز دير مواس',3,261,'2017-05-10 03:12:08','2017-05-10 03:12:08'),
	(269,'مركز سمالوط',3,261,'2017-05-10 03:12:16','2017-05-10 03:12:16'),
	(270,'مركز مطاي',3,261,'2017-05-10 03:12:23','2017-05-10 03:12:23'),
	(271,'مركز مغاغه',3,261,'2017-05-10 03:12:29','2017-05-10 03:12:29'),
	(272,'قسم ملوي',3,261,'2017-05-10 03:12:36','2017-05-10 03:12:36'),
	(273,'مركز ملوي',3,261,'2017-05-10 03:12:42','2017-05-10 03:12:42'),
	(274,'أسيوط',2,1,'2017-05-10 03:13:03','2017-05-10 03:13:03'),
	(275,'قسم أول أسيوط',3,274,'2017-05-10 03:13:14','2017-05-10 03:13:14'),
	(276,'قسم ثان أسيوط',3,274,'2017-05-10 03:13:41','2017-05-10 03:13:41'),
	(277,'مركز أسيوط',3,274,'2017-05-10 03:13:47','2017-05-10 03:13:47'),
	(278,'مركز أبنوب',3,274,'2017-05-10 03:13:54','2017-05-10 03:13:54'),
	(279,'مركز أبو تيج',3,274,'2017-05-10 03:14:00','2017-05-10 03:14:00'),
	(280,'مركز البدر',3,274,'2017-05-10 03:14:13','2017-05-10 03:14:13'),
	(281,'مركز الساحل',3,274,'2017-05-10 03:14:52','2017-05-10 03:14:52'),
	(282,'مركز الغنايم',3,274,'2017-05-10 03:14:58','2017-05-10 03:14:58'),
	(283,'مركز القوسيه',3,274,'2017-05-10 03:16:51','2017-05-10 03:16:51'),
	(284,'مركز ديروط',3,274,'2017-05-10 03:16:57','2017-05-10 03:16:57'),
	(285,'مركز صدفا',3,274,'2017-05-10 03:17:03','2017-05-10 03:17:03'),
	(286,'مركز منفلوط',3,274,'2017-05-10 03:17:09','2017-05-10 03:17:09'),
	(287,'مركز الفتح',3,274,'2017-05-10 03:17:41','2017-05-10 03:17:41'),
	(288,'مدينة أسيوط الجديدة',3,274,'2017-05-10 03:17:48','2017-05-10 03:17:48'),
	(289,'سوهاج',2,1,'2017-05-10 03:19:49','2017-05-10 03:19:49'),
	(290,'قسم أول سوهاج',3,289,'2017-05-10 03:20:10','2017-05-10 03:20:10'),
	(291,'قسم ثان سوهاج',3,289,'2017-05-10 03:20:17','2017-05-10 03:20:17'),
	(292,'مركز سوهاج',3,289,'2017-05-10 03:20:23','2017-05-10 03:20:23'),
	(293,'مركز أخميم',3,289,'2017-05-10 03:20:30','2017-05-10 03:20:30'),
	(294,'مركز البلينا',3,289,'2017-05-10 03:20:40','2017-05-10 03:20:40'),
	(295,'مركز المراغه',3,289,'2017-05-10 03:20:57','2017-05-10 03:20:57'),
	(296,'مركز المنشأة',3,289,'2017-05-10 03:21:03','2017-05-10 03:21:03'),
	(297,'مركز دار السلام',3,289,'2017-05-10 03:21:10','2017-05-10 03:21:10'),
	(298,'قسم مدينة جرجا',3,289,'2017-05-10 03:21:16','2017-05-10 03:21:16'),
	(299,'مركز جرجا',3,289,'2017-05-10 03:21:23','2017-05-10 03:21:23'),
	(300,'مركز جهينة غرب',3,289,'2017-05-10 03:21:29','2017-05-10 03:21:29'),
	(301,'مركز ساقلته',3,289,'2017-05-10 03:21:35','2017-05-10 03:21:35'),
	(302,'مركز طما',3,289,'2017-05-10 03:21:42','2017-05-10 03:21:42'),
	(303,'مركز طهطا',3,289,'2017-05-10 03:21:48','2017-05-10 03:21:48'),
	(304,'قسم طهطا',3,289,'2017-05-10 03:21:55','2017-05-10 03:21:55'),
	(305,'قسم الكوثر',3,289,'2017-05-10 03:22:02','2017-05-10 03:22:02'),
	(306,'مركز العسيرات',3,289,'2017-05-10 03:22:09','2017-05-10 03:22:09'),
	(307,'مدينة سوهاج الجديدة',3,289,'2017-05-10 03:22:15','2017-05-10 03:22:15'),
	(308,'قنا',2,1,'2017-05-10 03:23:33','2017-05-10 03:23:33'),
	(309,'قسم قنا',3,308,'2017-05-10 03:23:44','2017-05-10 03:23:44'),
	(310,'مركز قنا',3,308,'2017-05-10 03:24:02','2017-05-10 03:24:02'),
	(311,'مركز أبو تشت',3,308,'2017-05-10 03:24:10','2017-05-10 03:24:10'),
	(312,'مركز أرمنت',3,308,'2017-05-10 03:24:17','2017-05-10 03:24:17'),
	(313,'مركز اسنا',3,308,'2017-05-10 03:24:24','2017-05-10 03:24:24'),
	(314,'مركز دشنا',3,308,'2017-05-10 03:24:31','2017-05-10 03:24:31'),
	(315,'مركز قوص',3,308,'2017-05-10 03:24:37','2017-05-10 03:24:37'),
	(316,'مركز نجم الحمادي',3,308,'2017-05-10 03:24:43','2017-05-10 03:24:43'),
	(317,'مركز نقادة',3,308,'2017-05-10 03:24:49','2017-05-10 03:24:49'),
	(318,'مركز فرشوط',3,308,'2017-05-10 03:24:55','2017-05-10 03:24:55'),
	(319,'مركز قفط',3,308,'2017-05-10 03:25:00','2017-05-10 03:25:00'),
	(320,'مركز الوقف',3,308,'2017-05-10 03:25:07','2017-05-10 03:25:07'),
	(321,'الأقصر',2,1,'2017-05-10 03:25:32','2017-05-10 03:25:32'),
	(322,'قسم الأقصر',3,321,'2017-05-10 03:25:44','2017-05-10 03:25:44'),
	(323,'مركز الأقصر',3,321,'2017-05-10 03:25:52','2017-05-10 03:25:52'),
	(324,'مركز شرطة طيبه',3,321,'2017-05-10 03:26:00','2017-05-10 03:26:00'),
	(325,'أسوان',2,1,'2017-05-10 03:26:26','2017-05-10 03:26:26'),
	(326,'قسم أسوان',3,325,'2017-05-10 03:26:38','2017-05-10 03:26:38'),
	(327,'مركز أسوان',3,325,'2017-05-10 03:26:46','2017-05-10 03:26:46'),
	(328,'مركز أدفو',3,325,'2017-05-10 03:26:58','2017-05-10 03:26:58'),
	(329,'مركز كوم امبو',3,325,'2017-05-10 03:27:05','2017-05-10 03:27:05'),
	(330,'مركز نصر النوبه',3,325,'2017-05-10 03:27:13','2017-05-10 03:27:13'),
	(331,'مركز دراو',3,325,'2017-05-10 03:27:19','2017-05-10 03:27:19'),
	(332,'مركز أبو سميل',3,325,'2017-05-10 03:27:24','2017-05-10 03:27:24'),
	(333,'مدينة توشكي الجديدة',3,325,'2017-05-10 03:27:31','2017-05-10 03:27:31'),
	(334,'البحر الأحمر',2,1,'2017-05-10 03:29:24','2017-05-10 03:29:24'),
	(335,'قسم الغردقة',3,334,'2017-05-10 03:29:37','2017-05-10 03:29:37'),
	(336,'قسم القصير',3,334,'2017-05-10 03:29:43','2017-05-10 03:29:43'),
	(337,'قسم بور سفاجا',3,334,'2017-05-10 03:29:50','2017-05-10 03:29:50'),
	(338,'قسم مرسي علم',3,334,'2017-05-10 03:29:56','2017-05-10 03:29:56'),
	(339,'قسم راس غريب',3,334,'2017-05-10 03:30:03','2017-05-10 03:30:03'),
	(340,'قسم الشلاتين',3,334,'2017-05-10 03:30:16','2017-05-10 03:30:16'),
	(341,'قسم حلايب',3,334,'2017-05-10 03:30:22','2017-05-10 03:30:22'),
	(342,'قسم ثان الغردقة',3,334,'2017-05-10 03:30:28','2017-05-10 03:30:28'),
	(343,'الوادي الجديد',2,1,'2017-05-10 03:30:50','2017-05-10 03:30:50'),
	(344,'قسم واحة الخارجه',3,343,'2017-05-10 03:31:06','2017-05-10 03:31:06'),
	(345,'مركز واحة الداخله',3,343,'2017-05-10 03:31:14','2017-05-10 03:31:14'),
	(346,'مركز الفرافرة',3,343,'2017-05-10 03:31:20','2017-05-10 03:31:20'),
	(347,'مركز باريس',3,343,'2017-05-10 03:31:26','2017-05-10 03:31:26'),
	(348,'مطروح',2,1,'2017-05-10 03:31:50','2017-05-10 03:31:50'),
	(349,'قسم مرسي مطروح',3,348,'2017-05-10 03:31:58','2017-05-10 03:31:58'),
	(350,'قسم الحمام',3,348,'2017-05-10 03:32:05','2017-05-10 03:32:05'),
	(351,'قسم السلوم',3,348,'2017-05-10 03:32:12','2017-05-10 03:32:12'),
	(352,'قسم الضبعة',3,348,'2017-05-10 03:32:18','2017-05-10 03:32:18'),
	(353,'قسم سيدي براني',3,348,'2017-05-10 03:32:24','2017-05-10 03:32:24'),
	(354,'قسم سيوه',3,348,'2017-05-10 03:32:31','2017-05-10 03:32:31'),
	(355,'قسم العلمين',3,348,'2017-05-10 03:32:38','2017-05-10 03:32:38'),
	(356,'مركز الساحل الشمالي',3,348,'2017-05-10 03:32:44','2017-05-10 03:32:44'),
	(357,'مركز النجيلة',3,348,'2017-05-10 03:32:49','2017-05-10 03:32:49'),
	(358,'جنوب سيناء',2,1,'2017-05-10 03:33:16','2017-05-10 03:33:16'),
	(359,'قسم طور سيناء',3,358,'2017-05-10 03:33:26','2017-05-10 03:33:26'),
	(360,'قسم راس سدر',3,358,'2017-05-10 03:33:35','2017-05-10 03:33:35'),
	(361,'قسم أبو رديس',3,358,'2017-05-10 03:33:40','2017-05-10 03:33:40'),
	(362,'قسم سانت كاترين',3,358,'2017-05-10 03:33:47','2017-05-10 03:33:47'),
	(363,'قسم شرم الشيخ',3,358,'2017-05-10 03:33:52','2017-05-10 03:33:52'),
	(364,'قسم دهب',3,358,'2017-05-10 03:33:59','2017-05-10 03:33:59'),
	(365,'قسم نويبع',3,358,'2017-05-10 03:34:05','2017-05-10 03:34:05'),
	(366,'قسم مدينة طابا',3,358,'2017-05-10 03:34:14','2017-05-10 03:34:14'),
	(367,'قسم أبو زنيمه',3,358,'2017-05-10 03:34:20','2017-05-10 03:34:20'),
	(368,'شمال سيناء',2,1,'2017-05-10 03:34:42','2017-05-10 03:34:42'),
	(369,'قسم أول العريش',3,368,'2017-05-10 03:34:55','2017-05-10 03:34:55'),
	(370,'قسم ثان العريش',3,368,'2017-05-10 03:35:05','2017-05-10 03:35:05'),
	(371,'قسم ثالث العريش',3,368,'2017-05-10 03:35:12','2017-05-10 03:35:12'),
	(372,'قسم رابع العريش',3,368,'2017-05-10 03:35:19','2017-05-10 03:35:19'),
	(373,'قسم بئر العبد',3,368,'2017-05-10 03:35:28','2017-05-10 03:35:28'),
	(374,'قسم الحسنة',3,368,'2017-05-10 03:35:34','2017-05-10 03:35:34'),
	(375,'قسم النخل',3,368,'2017-05-10 03:35:44','2017-05-10 03:35:44'),
	(376,'قسم الشيخ زويد',3,368,'2017-05-10 03:35:51','2017-05-10 03:35:51'),
	(377,'قسم رفح',3,368,'2017-05-10 03:35:58','2017-05-10 03:35:58'),
	(378,'قسم رمانه',3,368,'2017-05-10 03:36:04','2017-05-10 03:36:04'),
	(379,'قسم القسيمة',3,368,'2017-05-10 03:36:10','2017-05-10 03:36:10');

/*!40000 ALTER TABLE `country` ENABLE KEYS */;
UNLOCK TABLES;


# Dump of table goods
# ------------------------------------------------------------

DROP TABLE IF EXISTS `goods`;

CREATE TABLE `goods` (
  `id` int(10) unsigned NOT NULL AUTO_INCREMENT,
  `g_name` varchar(500) COLLATE utf8mb4_unicode_ci NOT NULL COMMENT '商品名称',
  `g_gold` double(9,2) NOT NULL DEFAULT '0.00' COMMENT '价值金币',
  `g_money` double(9,2) NOT NULL DEFAULT '0.00' COMMENT '价值金额',
  `g_type` int(11) NOT NULL DEFAULT '0' COMMENT '商品分类1实体类2虚拟类',
  `in_stock_number` int(11) NOT NULL DEFAULT '0' COMMENT '商品的入库总量',
  `stock_number` int(11) NOT NULL DEFAULT '0' COMMENT '商品的库存',
  `out_stock_number` int(11) NOT NULL DEFAULT '0' COMMENT '商品的出库总量',
  `unit` varchar(64) COLLATE utf8mb4_unicode_ci DEFAULT NULL COMMENT '单位',
  `stop_exchange_count` int(11) NOT NULL DEFAULT '0' COMMENT '限定兑换次数',
  `have_exchange_count` int(11) NOT NULL DEFAULT '0' COMMENT '已经兑换次数',
  `status` tinyint(1) NOT NULL DEFAULT '0' COMMENT '上架下架状态',
  `is_index` tinyint(1) NOT NULL DEFAULT '0' COMMENT '是否轮播',
  `image_urls` longtext COLLATE utf8mb4_unicode_ci COMMENT '图片集合',
  `comment` longtext COLLATE utf8mb4_unicode_ci COMMENT '描述',
  `begin_date` varchar(32) COLLATE utf8mb4_unicode_ci NOT NULL DEFAULT '' COMMENT '开始日期',
  `end_date` varchar(32) COLLATE utf8mb4_unicode_ci NOT NULL DEFAULT '' COMMENT '结束日期',
  `weight` int(11) NOT NULL DEFAULT '0' COMMENT '权重',
  `deleted_at` timestamp NULL DEFAULT NULL COMMENT '删除标示',
  `created_at` timestamp NOT NULL DEFAULT CURRENT_TIMESTAMP,
  `updated_at` timestamp NULL DEFAULT NULL,
  `index_image_url` varchar(255) COLLATE utf8mb4_unicode_ci NOT NULL DEFAULT '' COMMENT '缩略图',
  `country_ids` varchar(255) COLLATE utf8mb4_unicode_ci NOT NULL DEFAULT '' COMMENT '所属国家id集合',
  `is_choose` tinyint(1) NOT NULL DEFAULT '0' COMMENT '是否为默认推荐',
  `is_interface` tinyint(1) NOT NULL DEFAULT '0' COMMENT '是否在推荐用显示',
  `flow_content` longtext COLLATE utf8mb4_unicode_ci COMMENT '兑换流程',
  `recharge_gold` double(9,2) DEFAULT '0.00' COMMENT '充值的金币数量',
  `banner_image_url` varchar(191) COLLATE utf8mb4_unicode_ci DEFAULT NULL COMMENT 'banner图片',
  PRIMARY KEY (`id`)
) ENGINE=InnoDB DEFAULT CHARSET=utf8mb4 COLLATE=utf8mb4_unicode_ci;

LOCK TABLES `goods` WRITE;
/*!40000 ALTER TABLE `goods` DISABLE KEYS */;

INSERT INTO `goods` (`id`, `g_name`, `g_gold`, `g_money`, `g_type`, `in_stock_number`, `stock_number`, `out_stock_number`, `unit`, `stop_exchange_count`, `have_exchange_count`, `status`, `is_index`, `image_urls`, `comment`, `begin_date`, `end_date`, `weight`, `deleted_at`, `created_at`, `updated_at`, `index_image_url`, `country_ids`, `is_choose`, `is_interface`, `flow_content`, `recharge_gold`, `banner_image_url`)
VALUES
	(1,'iphone732',1.00,900.00,1,61,45,16,'台',1,0,1,0,'http://src.mysada.com/test/file/jpeg/phpaGdHvC.jpeg',NULL,'2017-04-27','2017-05-31',-1,'2017-05-09 20:13:25','2017-04-27 06:17:48',NULL,'http://src.mysada.com/test/file/jpeg/phpqffMdf.jpeg','1',0,1,'5',0.00,'http://src.mysada.com/test/file/png/phpv7lNEC.png'),
	(2,'iphone6',1.00,900.00,1,32,12,20,'台',300,0,1,1,'http://src.mysada.com/test/file/png/phpFhrH5l.png',NULL,'2017-04-27','2017-06-01',-5,'2017-05-09 20:13:13','2017-04-27 06:21:42',NULL,'http://src.mysada.com/test/file/jpeg/phpVV4SbC.jpeg','1',0,0,'12356456489',0.00,'http://src.mysada.com/test/file/png/phpGxF8ng.png'),
	(3,'雷蛇（Razer）北海巨妖专业版V2 黑色 耳机',11.00,800.00,1,10,10,0,NULL,100,0,1,0,NULL,NULL,'2017-04-27','2017-05-06',0,'2017-05-09 20:14:14','2017-04-27 06:24:30',NULL,'http://src.mysada.com/test/file/png/phps081XT.png','1',1,0,'庞盼盼、',0.00,NULL),
	(4,'Beats urBeats 入耳式耳机 - 深空灰 手机耳机 三键线控 带麦 MK9W2PA/B',11.00,880.00,1,20,20,0,NULL,33,0,1,0,'http://src.mysada.com/test/file/jpeg/php7ie3j3.jpeg',NULL,'2017-04-27','2017-05-05',0,'2017-05-09 20:14:10','2017-04-27 06:32:05',NULL,'http://src.mysada.com/test/file/png/phpAvUBQO.png','1',1,0,'iiiii',0.00,NULL),
	(5,'大疆无人机',11.00,1100.00,1,15,14,1,'台',10,0,1,0,NULL,NULL,'2017-04-27','2017-05-06',0,'2017-05-09 04:43:01','2017-04-27 06:34:46',NULL,'http://src.mysada.com/test/file/png/phpCbGdnd.png','1',1,0,'123123',0.00,NULL),
	(6,'TL_800无人机',11.00,2000.00,1,100,100,0,'台',10,0,0,0,'http://src.mysada.com/test/file/png/phpxKG0D3.png',NULL,'2017-04-27','2017-05-06',0,'2017-05-09 04:43:19','2017-04-27 09:37:26',NULL,'http://src.mysada.com/test/file/png/phpBhwkwS.png','1',1,0,'11111',0.00,NULL),
	(7,'kip钱包',11.00,100.00,1,78,58,20,'个',100,0,1,1,'http://src.mysada.com/test/file/png/phpe4XbAf.png','<p>测试测试</p>','2017-04-27','2017-05-31',0,'2017-05-09 20:14:06','2017-04-27 09:40:58',NULL,'http://src.mysada.com/test/file/png/phpDWiKJc.png','1',1,0,'1. 签收产品超出7天后，提出售后申请；\r\n2. 产品配件不齐全或包装不完整的；\r\n3. 人为原因，包括下水洗涤，剪标，人为污损的；\r\n4. 非产品本身原因出现破损（如宠物撕咬、不小心被尖锐物勾扯等）；\r\n5. 正常的面料特性，如：深色衣服第一次下水轻微褪色和浮毛；\r\n6）因使用者保养不当造成产品出现质量问题（如高温熨烫等）。',0.00,NULL),
	(8,'冈本避孕套原装进口安全套skin肤感超润滑24片装Okamoto',1.00,90.00,1,120,99,21,'盒',20,0,1,1,'http://src.mysada.com/test/file/png/phpa8R637.png','111','2017-04-27','2017-05-31',-2,'2017-05-09 20:13:21','2017-04-27 09:44:01',NULL,'http://src.mysada.com/test/file/png/phpIuhJly.png','1',1,0,'q\'we\'q\'we\'q\'we',0.00,'http://src.mysada.com/test/file/jpeg/php5L9bcP.jpeg'),
	(9,'印度神油',11.00,90.00,1,20,15,5,'瓶',11,0,1,0,'http://src.mysada.com/test/file/jpeg/phpHXLpIW.jpeg','<p>1111111</p><p>22222</p><p>33333</p><p style=\"white-space: normal;\">1111111<img src=\"/uploads/ueditor/php/upload/image/20170505/1493969268478071.png\" title=\"1493969268478071.png\" alt=\"QQ截图20170504190728.png\"/></p><p><img src=\"/uploads/ueditor/php/upload/image/20170505/1493969280361423.png\" title=\"1493969280361423.png\"/></p><p><img src=\"/uploads/ueditor/php/upload/image/20170505/1493969280334314.jpeg\" title=\"1493969280334314.jpeg\"/></p><p><img src=\"/uploads/ueditor/php/upload/image/20170505/1493969281401639.gif\" title=\"1493969281401639.gif\"/></p><p style=\"white-space: normal;\">22222</p><p style=\"white-space: normal;\">33333</p><p style=\"white-space: normal;\">1111111</p><p style=\"white-space: normal;\">22222</p><p style=\"white-space: normal;\">33333</p><p style=\"white-space: normal;\">1111111</p><p style=\"white-space: normal;\">22222</p><p style=\"white-space: normal;\">33333</p><p><br/></p>','2017-04-27','2017-05-06',0,'2017-05-09 20:14:01','2017-04-27 09:47:18',NULL,'http://src.mysada.com/test/file/png/phpAXLegC.png','1',1,0,'qweqweqwe',0.00,NULL),
	(10,'ڤودافون/اتصالات/اورنچ   شحن موبيل 10LE',11.00,11.00,2,20,12,8,NULL,100,0,1,0,'http://src.mysada.com/test/file/jpeg/phpAqWubr.jpeg,http://src.mysada.com/test/file/jpeg/phphrFD3D.jpeg','<p style=\"text-align: right;\">جميع انواع البشرة, مرطبات,ضد الشيخوخة والتجاعيد</p><p style=\"text-align: right;\">جميع انواع البشرة, مرطبات,ضد الشيخوخة والتجاعيد</p><p style=\"text-align: right;\">جميع انواع البشرة, مرطبات,ضد الشيخوخة والتجاعيد</p><p style=\"text-align: right;\">جميع انواع البشرة, مرطبات,ضد الشيخوخة والتجاعيد</p><p style=\"text-align: right;\"><img class=\"thumbnail\" src=\"http://src.mysada.com/test/file/jpeg/phphrFD3D.jpeg\" width=\"150pt\" height=\"70pt\"/><br/></p><p style=\"text-align: right;\"><img src=\"http://src.mysada.com/test/file/jpeg/phppre0G8.jpeg\" title=\"phppre0G8\" alt=\"下载.jpg\"/></p>','2017-05-02','2018-05-27',0,'2017-05-09 20:13:56','2017-05-02 15:44:24',NULL,'http://src.mysada.com/test/file/jpeg/phpYQNC4p.jpeg','1',1,1,'١-مراحل إستبدال العملات: بعد النقرعلى【إستبدال】إتبع التعليمات لإستكمال عملية الإستبدال\r\n٢- بعد نجاح عملية الإستبدال، خدمة العملاء سيتصلون بك للتأكيد، و في غضون يومين من العمل يتم الإرسال\r\n٣ -كل المنتجات يمكن إستبدالها فقط خلال فترة الصلاحية\r\nfeedback@arabsada.com: ٤ -إذا كان لديك أي إستفسار الرجاء التواصل معنا عبر البريد الإلكتروني',0.00,NULL),
	(11,'埃及金字塔',1000.00,10000.00,1,5,5,0,NULL,1,0,1,1,'http://src.mysada.com/test/file/jpeg/phpayBtmG.jpeg','<p>限量版</p>','2017-05-04','2017-05-31',-7,'2017-05-04 01:56:27','2017-05-04 09:24:58',NULL,'http://src.mysada.com/test/file/jpeg/php2z4mNe.jpeg','1',0,0,NULL,0.00,NULL),
	(12,'笔记本电脑',5000.00,50000.00,1,5,5,0,NULL,5,0,0,0,'http://src.mysada.com/test/file/jpeg/phpo3ebZP.jpeg,http://src.mysada.com/test/file/jpeg/phpD2BXZv.jpeg','<ol class=\" list-paddingleft-2\" style=\"list-style-type: decimal;\"><li><p>笔记本啊笔记本啊</p></li><li><p>笔记本啊笔记本啊</p></li><li><p>笔记本啊笔记本啊</p></li><li><p>笔记本啊笔记本啊</p></li><li><p>笔记本啊笔记本啊</p></li><li><p>笔记本啊笔记本啊<br/></p></li></ol>','2017-05-05','2017-05-31',0,'2017-05-04 22:09:44','2017-05-05 05:50:40',NULL,'http://src.mysada.com/test/file/jpeg/phpOJRRgN.jpeg','1,32',0,0,'笔记本啊笔记本啊',0.00,NULL),
	(13,'笔记本电脑',5000.00,50000.00,1,5,5,0,NULL,5,0,1,0,'http://src.mysada.com/test/file/jpeg/phpLz1R5A.jpeg,http://src.mysada.com/test/file/jpeg/phpPi0pZE.jpeg','<p>qweqweqweqweqwe</p>','2017-05-05','2017-05-06',0,'2017-05-04 23:08:35','2017-05-05 06:30:44',NULL,'http://src.mysada.com/test/file/jpeg/phpy2t81N.jpeg','1,32',0,0,'qweqweqweqweqweqweqwe',0.00,NULL),
	(14,'qweqweqwe',1.00,10.00,2,200,200,0,NULL,20,0,1,0,NULL,'<p>qweqwe</p>','2017-05-05','2017-05-05',0,'2017-05-09 04:44:40','2017-05-05 08:45:38',NULL,'http://src.mysada.com/test/file/png/phpa8MCLL.png','1',1,0,'qweqwe',0.00,NULL),
	(15,'IOSssssss',1.00,11.00,1,100,90,10,NULL,20,0,1,1,'http://src.mysada.com/test/file/jpeg/phpd3sxNy.jpeg,http://src.mysada.com/test/file/jpeg/phplKLWf2.jpeg','<p>qqqqqqqqqqqq<br/></p>','2017-05-01','2017-05-31',-6,'2017-05-09 20:13:09','2017-05-05 09:42:14',NULL,'http://src.mysada.com/test/file/jpeg/phpdHbWl9.jpeg','1',0,1,'qweqweqwe',0.00,'http://src.mysada.com/test/file/jpeg/phpWLv99u.jpeg'),
	(16,'去1qqq',1.00,300.00,2,100,100,0,NULL,1,0,1,0,'http://src.mysada.com/test/file/png/phpyB4wcq.png','<p>1233333333333</p>','2017-05-06','2017-05-24',-4,'2017-05-09 20:13:17','2017-05-06 03:30:10',NULL,'http://src.mysada.com/test/file/jpeg/phpk7bod7.jpeg','1',0,0,'qqqqqq',0.00,NULL),
	(17,'Mac本',1.00,2000.00,1,102,100,2,NULL,50,0,1,0,'http://src.mysada.com/test/file/jpeg/php1vTRma.jpeg',NULL,'2017-05-08','2017-05-09',0,'2017-05-09 20:13:50','2017-05-08 02:28:46',NULL,'http://src.mysada.com/test/file/gif/phpAbzLhN.gif','32',1,0,'sdadaasdasdaadwdasdadaasdasdaadwdasdadaasdasdaadwdasdadaasdasdaadwdasdadaasdasdaadwdasdadaasdasdaadwdasdadaasdasdaadwdasdada232234324324',0.00,NULL),
	(18,'ڤودافون/اتصالات/اورنچ   شحن موبيل 10LE',1.00,11.50,2,50,48,2,NULL,5,0,1,0,'http://src.mysada.com/test/file/png/phphDr4zk.png','<p>ڤودافون/اتصالات/اورنچ &nbsp; شحن موبيل 10LE</p>','2017-05-08','2017-05-09',0,'2017-05-09 04:46:28','2017-05-08 09:31:43',NULL,'http://src.mysada.com/test/file/png/phpLtSIfC.png','1',0,0,'كيفية الاستبدال',0.00,NULL),
	(19,'سيشبسشيؤرئءلقثشللاؤءسربضشلبثضشريؤشريصضبثؤرءئلقصثلرلاؤستقصنتلارؤيلاوغافيق',1.00,1.00,2,113,98,15,NULL,3,0,1,0,'http://src.mysada.com/test/file/gif/phpEuyPW1.gif','<p>啊收到贺卡</p>','2017-05-01','2017-05-31',-8,'2017-05-09 20:13:05','2017-05-08 09:49:12',NULL,'http://src.mysada.com/test/file/jpeg/phpzBCRBv.jpeg','32',0,0,'测啥的空间',0.00,'http://src.mysada.com/test/file/jpeg/phpHlaxFW.jpeg'),
	(20,'对新建地址设置为默认地址，再次兑换该商品，在兑换页面相应的默认地址应该处于勾选状态',1.00,250.00,1,3,0,3,'بؤسشي',4,0,1,0,'http://src.mysada.com/test/file/png/php8OzlWe.png','<p>cars are so beaatiful have one for ur self</p>','2017-05-08','2017-05-09',0,'2017-05-09 20:13:41','2017-05-08 10:40:09',NULL,'http://src.mysada.com/test/file/jpeg/php36cKXv.jpeg','1',0,0,'cars',0.00,'http://src.mysada.com/test/file/jpeg/phpkH1bNi.jpeg'),
	(21,'joyroom 5500mAh شحن الكنز',10.00,229.00,1,5,1,4,NULL,4,0,1,0,'http://src.mysada.com/test/file/jpeg/phpXGEv3t.jpeg,http://src.mysada.com/test/file/jpeg/phpuiPiMC.jpeg,http://src.mysada.com/test/file/jpeg/phpInqao4.jpeg','<p>باور بانك من جوي روم مع كشاف العلامة التجارية: جوي روم 2مخرج يو اس بي بقوة 1:2 .</p>','2017-05-11','2017-05-18',0,'2017-05-09 20:13:36','2017-05-09 07:23:59',NULL,'http://src.mysada.com/test/file/jpeg/php3COI3T.jpeg','1',0,0,'兑换说明：\r\n1.	用户点击إستبدال , 选择或填写地址 ，点击确定， 兑换完成\r\n2.	本商品每人限定兑换X次\r\n3.	工作人员将会在3个工作日内与您确认并发货\r\n4.	如有疑问请邮件联系feedback@arabsada.com',0.00,NULL),
	(22,'حلاقة مثالية مرحة في الاستخدام تتبع قسمات وجهك تدوم طويلاً حتى سنتين شحذ ذاتي للشفراتبطارية 2AA أداء فريد من نوعه تتبع الأجزاء الخارجية: رؤؤس حرة للحلاقة نظام الحلاقة: ...',11.00,250.00,1,0,0,0,NULL,1,0,0,0,NULL,NULL,'2017-05-10','2017-05-24',0,'2017-05-09 01:38:43','2017-05-09 09:37:58',NULL,'http://src.mysada.com/test/file/jpeg/phpO3irZU.jpeg','1',0,0,'213',0.00,NULL),
	(23,'بطارية شحن محمولة',71142.00,229.00,1,27,15,12,NULL,1,0,1,1,'http://src.mysada.com/test/file/jpeg/phptt9WEc.jpeg,http://src.mysada.com/test/file/jpeg/phpl2EGnO.jpeg','<p>Joyroom بطارية شحن محمولة</p><p>5500 mAh سعة البطارية&nbsp;</p><p>باور بانك من جوي روم مع كشاف&nbsp;</p><p>مخرج يو اس بي بقوة 1:2</p><p><img src=\"http://src.mysada.com/test/file/jpeg/phpXIA4GL.jpeg\" width=\"100%\" title=\"phpXIA4GL\"/></p><p><img src=\"http://src.mysada.com/test/file/jpeg/phpng8PLH.jpeg\" width=\"100%\" title=\"phpng8PLH\"/></p><p><img src=\"http://src.mysada.com/test/file/jpeg/phpfGrraV.jpeg\" width=\"100%\" title=\"phpfGrraV\"/></p><p><br/></p>','2017-05-10','2017-06-10',-4,NULL,'2017-05-09 10:43:16',NULL,'http://src.mysada.com/test/file/jpeg/php6dj6CM.jpeg','1',0,1,'١ - مراحل إستبدال العملات: بعد النقرعلى【إستبدال】إتبع التعليمات لإستكمال عملية الإستبدال\r\n٢ - بعد نجاح عملية الإستبدال، خدمة العملاء سيتصلون بك للتأكيد، و في غضون يومين من العمل يتم الإرسال، يمكنك الذهاب إلى【متجري】-【طلباتي】لمراجعة الطلب\r\n٣ - كل المنتجات يمكن إستبدالها فقط خلال فترة الصلاحية\r\n٤ - إذا كان لديك أي إستفسار الرجاء التواصل معنا عبر البريد الإلكتروني\r\nfeedback@arabsada.com',0.00,'http://src.mysada.com/test/file/jpeg/phpYh1fXW.jpeg'),
	(24,'aJHSajasjjASKjsl',1.00,4556.00,1,0,0,0,NULL,6,0,0,0,'http://src.mysada.com/test/file/gif/phppjWo0E.gif','<p>hkkjhjhkjhsadhkja</p>','2017-05-09','2017-06-10',0,'2017-05-09 04:55:13','2017-05-09 12:52:53',NULL,'http://src.mysada.com/test/file/gif/phpsbDQME.gif','',0,0,'jkhjhhjkjh',0.00,'http://src.mysada.com/test/file/png/php5IlfMN.png'),
	(25,'SADHJADJKA',1.00,123.00,1,10,10,0,NULL,3,0,1,0,'http://src.mysada.com/test/file/gif/phpYSiimY.gif','<p>DNADJADKAJDKADLA</p>','2017-05-09','2017-05-26',0,'2017-05-09 20:13:31','2017-05-09 12:57:38',NULL,'http://src.mysada.com/test/file/gif/phpUHrt2a.gif','1',0,0,'SADJSKAJDKASJ',0.00,'http://src.mysada.com/test/file/gif/phpObDIIn.gif'),
	(26,'سجل واحصل على 500 عملة',0.00,0.00,3,60,39,21,NULL,1,0,1,1,'http://src.mysada.com/test/file/jpeg/php2XHCE2.jpeg','<p><img src=\"http://src.mysada.com/test/file/jpeg/php3VunKX.jpeg\" width=\"100%\" title=\"php3VunKX\" alt=\"01.jpg\"/><br/></p>','2017-05-09','2018-06-05',-8,NULL,'2017-05-09 13:05:02',NULL,'http://src.mysada.com/test/file/jpeg/phpcxbvFv.jpeg','1',0,1,'١ - مراحل إستبدال العملات: بعد النقرعلى【إستبدال】إتبع التعليمات لإستكمال عملية الإستبدال، سوف نقوم بتحويل 500 عملة ذهبية إلى حسابك',500.00,'http://src.mysada.com/test/file/jpeg/phpRaDkrh.jpeg'),
	(27,'شحن موبيل بفئة 10 جنيه - ڤودافون',4000.00,11.50,2,207,200,7,NULL,1,0,1,1,'http://src.mysada.com/test/file/jpeg/php7GrOlI.jpeg,http://src.mysada.com/test/file/jpeg/phpEGXZu9.jpeg','<p>ڤودافون &nbsp;شحن موبيل 10 جنيه</p><p><img src=\"http://src.mysada.com/test/file/jpeg/phpbcrlaO.jpeg\" width=\"100%\" title=\"phpbcrlaO\"/></p><p><img src=\"http://src.mysada.com/test/file/jpeg/php0cE3rX.jpeg\" width=\"100%\" title=\"php0cE3rX\"/></p><p><img src=\"http://src.mysada.com/test/file/jpeg/phpmDfAwZ.jpeg\" width=\"100%\" title=\"phpmDfAwZ\"/></p><p><br/></p>','2017-05-10','2017-06-10',-7,NULL,'2017-05-10 04:08:45',NULL,'http://src.mysada.com/test/file/jpeg/phpoUSNvu.jpeg','1',1,1,'١ - مراحل إستبدال العملات: بعد النقرعلى【إستبدال】إتبع التعليمات لإستكمال عملية الإستبدال\r\n٢ - بعد نجاح عملية الإستبدال، يمكنك الذهاب إلى【متجري】-【طلباتي 】لمراجعة الطلب\r\n٣ - كل المنتجات يمكن إستبدالها فقط خلال فترة الصلاحية\r\n٤ - كل مستخدم يمكنه استبدال المنتج مره واحدة فقط\r\n٥ - إذا كان لديك أي إستفسار الرجاء التواصل معنا عبر البريد الإلكتروني\r\nfeedback@arabsada.com',0.00,'http://src.mysada.com/test/file/jpeg/phpqpP4IE.jpeg'),
	(28,'سماعة رأس',100.00,159.00,1,30,29,1,NULL,1,0,1,0,'http://src.mysada.com/test/file/jpeg/phpOVat0E.jpeg,http://src.mysada.com/test/file/jpeg/phpWYP3h4.jpeg','<p>سماعة رأس من جينيس hs-m225</p><p>تقديم بريميم نيوديميوم&nbsp;صوت فائق الجودة</p><p>التصميم يعزل الأذن عن الضوضاء المحيطة، مما يتيح لك &nbsp;سماع الصوت واضح و نقي</p><p>زر واحد مدمج بالميكروفون للصوت وعناصر التحكم بالتشغيل مثل خلفي/امامي و إيقاف</p><p>يقدم الميكروفون الحساس مكالمات صوتية واضحة</p><p>مقاسين من غطاء سيليكون لراحة الأذن</p><p><img src=\"http://src.mysada.com/test/file/jpeg/phpccFu3t.jpeg\" width=\"100%\" title=\"phpccFu3t\"/></p><p><img src=\"http://src.mysada.com/test/file/jpeg/phptChXeh.jpeg\" width=\"100%\" title=\"phptChXeh\"/></p><p><img src=\"http://src.mysada.com/test/file/jpeg/php0ihRAE.jpeg\" width=\"100%\" title=\"php0ihRAE\"/></p><p><br/></p>','2017-05-10','2017-06-10',-5,NULL,'2017-05-10 06:15:01',NULL,'http://src.mysada.com/test/file/jpeg/phpYTntsN.jpeg','1',0,0,'١ - مراحل إستبدال العملات: بعد النقرعلى【إستبدال】إتبع التعليمات لإستكمال عملية الإستبدال\r\n٢ - بعد نجاح عملية الإستبدال، خدمة العملاء سيتصلون بك للتأكيد، و في غضون يومين من العمل يتم الإرسال، يمكنك الذهاب إلى【متجري】-【طلباتي】لمراجعة الطلب \r\n٣ - كل المنتجات يمكن إستبدالها فقط خلال فترة الصلاحية\r\n٤ - إذا كان لديك أي إستفسار الرجاء التواصل معنا عبر البريد الإلكتروني\r\nfeedback@arabsada.com',0.00,'http://src.mysada.com/test/file/jpeg/phpKM0qNp.jpeg'),
	(29,'سيجارة الالكترونية',264000.00,1300.00,1,7,5,2,NULL,1,0,1,0,'http://src.mysada.com/test/file/jpeg/phpOQDiJq.jpeg,http://src.mysada.com/test/file/jpeg/phpQ1ZwrO.jpeg,http://src.mysada.com/test/file/jpeg/phpk1KVDz.jpeg','<p>eGo AIO Box سيجارة الالكترونية</p><p>استمتع وانت تقلع عن التدخين</p><p>سيجارة الكترونية ذات مواصفات أوروبية</p><p>معها شاحن كهربائي وبطارية و زجاجة زيت داخل علبة فخمة</p><p><img src=\"http://src.mysada.com/test/file/jpeg/phpSDWD8I.jpeg\" width=\"100%\" title=\"phpSDWD8I\"/></p><p><img src=\"http://src.mysada.com/test/file/jpeg/phpejCgEz.jpeg\" width=\"100%\" title=\"phpejCgEz\"/></p><p><img src=\"http://src.mysada.com/test/file/jpeg/phpB9C7Nx.jpeg\" width=\"100%\" title=\"phpB9C7Nx\"/></p><p><img src=\"http://src.mysada.com/test/file/jpeg/phpVPDMmc.jpeg\" width=\"100%\" title=\"phpVPDMmc\"/></p><p><br/></p>','2017-05-10','2017-06-10',-3,NULL,'2017-05-10 06:27:12',NULL,'http://src.mysada.com/test/file/jpeg/phphZkBKS.jpeg','1',0,0,'١ - مراحل إستبدال العملات: بعد النقرعلى【إستبدال】إتبع التعليمات لإستكمال عملية الإستبدال\r\n٢ - بعد نجاح عملية الإستبدال، خدمة العملاء سيتصلون بك للتأكيد، و في غضون يومين من العمل يتم الإرسال، يمكنك الذهاب إلى【متجري】-【طلباتي】لمراجعة الطلب\r\n٣ - كل المنتجات يمكن إستبدالها فقط خلال فترة الصلاحية\r\n٤ - إذا كان لديك أي إستفسار الرجاء التواصل معنا عبر البريد الإلكتروني\r\nfeedback@arabsada.com',0.00,'http://src.mysada.com/test/file/jpeg/phpkYrKu6.jpeg'),
	(30,'iPhone 6 16G',1743840.00,10899.00,1,2,1,1,NULL,1,0,1,1,'http://src.mysada.com/test/file/jpeg/php9S1DeL.jpeg,http://src.mysada.com/test/file/jpeg/phpV83o8e.jpeg,http://src.mysada.com/test/file/jpeg/php02yDX7.jpeg,http://src.mysada.com/test/file/jpeg/php76vZOG.jpeg','<p>أبل آي فون 6 الجديد، مليء بالميزات المتقدمة و أحدث التقنيات لتعطيك أداء مميز</p><p>سعة تخزين 16 جيجابايت</p><p>بتصميم انسيابي بأبعاد من 5.44 * 2.64 * 0.27 إنش</p><p>هذا الهاتف مصمم بأفضل شكل</p><p>يزن الجهاز 129 غم، مما يجعله خفيف على اليد</p><p>شاشة العرض 4.7 إنش ريتينا إتش دي تدعم تكنولوجيا آي بي إس المتقدمة و يعطيك زاوية عرض أوسع و دقة عرض 1334 * 750 بيكسل</p><p>انه تحفة بجميع مواصفاته</p><p><img src=\"http://src.mysada.com/test/file/jpeg/phpSAg9MI.jpeg\" width=\"100%\" title=\"phpSAg9MI\"/></p><p><img src=\"http://src.mysada.com/test/file/jpeg/phpOl1gKx.jpeg\" width=\"100%\" title=\"phpOl1gKx\"/></p><p><img src=\"http://src.mysada.com/test/file/jpeg/php7ePnsD.jpeg\" width=\"100%\" title=\"php7ePnsD\"/></p><p><br/></p>','2017-05-10','2017-06-10',-1,NULL,'2017-05-10 06:35:02',NULL,'http://src.mysada.com/test/file/jpeg/phpJds4OG.jpeg','1',0,1,'١ - مراحل إستبدال العملات: بعد النقرعلى【إستبدال】إتبع التعليمات لإستكمال عملية الإستبدال\r\n٢ - بعد نجاح عملية الإستبدال، خدمة العملاء سيتصلون بك للتأكيد، و في غضون يومين من العمل يتم الإرسال، يمكنك الذهاب إلى【متجري】-【طلباتي】لمراجعة الطلب\r\n٣ - كل المنتجات يمكن إستبدالها فقط خلال فترة الصلاحية\r\n٤ - إذا كان لديك أي إستفسار الرجاء التواصل معنا عبر البريد الإلكتروني\r\nfeedback@arabsada.com',0.00,'http://src.mysada.com/test/file/jpeg/php5dcMbK.jpeg'),
	(31,'idea pad110 لاب توب',800000.00,4399.00,1,1,1,0,NULL,1,0,1,1,'http://src.mysada.com/test/file/jpeg/phpm0X2DJ.jpeg,http://src.mysada.com/test/file/jpeg/phpgMAb2S.jpeg,http://src.mysada.com/test/file/jpeg/phpj6PRX5.jpeg','<p>اجعل حياتك اسهل من خلال اقتناء لاب توب لينوفو ايدياباد 110&nbsp;</p><p>&nbsp;كل ما تحتاجة ستجده في هذا اللاب توب الرائع والذي يشغل جميع ما تحتاج بسهولة</p><p><img src=\"http://src.mysada.com/test/file/jpeg/phpTR6bIO.jpeg\" width=\"100%\" title=\"phpTR6bIO\"/></p><p><img src=\"http://src.mysada.com/test/file/jpeg/phpuTJGvP.jpeg\" width=\"100%\" title=\"phpuTJGvP\"/></p><p><img src=\"http://src.mysada.com/test/file/jpeg/phpLAkopJ.jpeg\" width=\"100%\" title=\"phpLAkopJ\"/></p><p><br/></p>','2017-05-10','2017-06-10',-2,NULL,'2017-05-10 12:00:02',NULL,'http://src.mysada.com/test/file/jpeg/phpXaW4gL.jpeg','1',0,0,'١ - مراحل إستبدال العملات: بعد النقرعلى【إستبدال】إتبع التعليمات لإستكمال عملية الإستبدال\r\n٢ - بعد نجاح عملية الإستبدال، خدمة العملاء سيتصلون بك للتأكيد، و في غضون يومين من العمل يتم الإرسال، يمكنك الذهاب إلى【متجري】-【طلباتي】لمراجعة الطلب\r\n٣ - كل المنتجات يمكن إستبدالها فقط خلال فترة الصلاحية\r\n٤ - إذا كان لديك أي إستفسار الرجاء التواصل معنا عبر البريد الإلكتروني\r\nfeedback@arabsada.com',0.00,'http://src.mysada.com/test/file/jpeg/phpf299KM.jpeg'),
	(32,'شحن موبيل بفئة 50 جنيه - ڤودافون',10000.00,57.00,2,100,100,0,NULL,1,0,1,0,'http://src.mysada.com/test/file/jpeg/phpsH04mA.jpeg','<p>ڤودافون &nbsp; شحن موبيل 50 جنيه</p><p><img src=\"http://src.mysada.com/test/file/jpeg/phpF8aYs0.jpeg\" width=\"100%\" title=\"phpF8aYs0\"/></p><p><img src=\"http://src.mysada.com/test/file/jpeg/phpmNSwvG.jpeg\" width=\"100%\" title=\"phpmNSwvG\"/></p><p><br/></p><p><br/></p>','2017-05-10','2017-06-10',-6,NULL,'2017-05-10 12:11:10',NULL,'http://src.mysada.com/test/file/jpeg/phpkz3r2a.jpeg','1',0,0,'١ - مراحل إستبدال العملات: بعد النقرعلى【إستبدال】إتبع التعليمات لإستكمال عملية الإستبدال\r\n٢ - بعد نجاح عملية الإستبدال، يمكنك الذهاب إلى【متجري】-【طلباتي 】لمراجعة الطلب\r\n٣ - كل المنتجات يمكن إستبدالها فقط خلال فترة الصلاحية\r\n٤ - كل مستخدم يمكنه استبدال المنتج مره واحدة فقط\r\n٥ - إذا كان لديك أي إستفسار الرجاء التواصل معنا عبر البريد الإلكتروني\r\nfeedback@arabsada.com',0.00,'http://src.mysada.com/test/file/jpeg/phpVzAFtr.jpeg');

/*!40000 ALTER TABLE `goods` ENABLE KEYS */;
UNLOCK TABLES;


# Dump of table goods_in_stock
# ------------------------------------------------------------

DROP TABLE IF EXISTS `goods_in_stock`;

CREATE TABLE `goods_in_stock` (
  `id` int(10) unsigned NOT NULL AUTO_INCREMENT,
  `goods_id` int(11) NOT NULL COMMENT '商品id',
  `goods_count` int(11) NOT NULL DEFAULT '0' COMMENT '入库数量',
  `admin_name` varchar(191) COLLATE utf8mb4_unicode_ci NOT NULL DEFAULT ' ' COMMENT '操作人员',
  `created_at` timestamp NOT NULL DEFAULT CURRENT_TIMESTAMP,
  PRIMARY KEY (`id`)
) ENGINE=InnoDB DEFAULT CHARSET=utf8mb4 COLLATE=utf8mb4_unicode_ci;



# Dump of table history
# ------------------------------------------------------------

DROP TABLE IF EXISTS `history`;

CREATE TABLE `history` (
  `id` int(10) unsigned NOT NULL AUTO_INCREMENT,
  `type_id` int(10) unsigned NOT NULL,
  `user_id` int(10) unsigned NOT NULL,
  `entity_id` int(10) unsigned DEFAULT NULL,
  `icon` varchar(191) COLLATE utf8mb4_unicode_ci DEFAULT NULL,
  `class` varchar(191) COLLATE utf8mb4_unicode_ci DEFAULT NULL,
  `text` varchar(191) COLLATE utf8mb4_unicode_ci NOT NULL,
  `assets` text COLLATE utf8mb4_unicode_ci,
  `created_at` timestamp NULL DEFAULT NULL,
  `updated_at` timestamp NULL DEFAULT NULL,
  PRIMARY KEY (`id`),
  KEY `history_type_id_foreign` (`type_id`),
  KEY `history_user_id_foreign` (`user_id`),
  CONSTRAINT `history_type_id_foreign` FOREIGN KEY (`type_id`) REFERENCES `history_types` (`id`) ON DELETE CASCADE,
  CONSTRAINT `history_user_id_foreign` FOREIGN KEY (`user_id`) REFERENCES `users` (`id`) ON DELETE CASCADE
) ENGINE=InnoDB DEFAULT CHARSET=utf8mb4 COLLATE=utf8mb4_unicode_ci;



# Dump of table history_types
# ------------------------------------------------------------

DROP TABLE IF EXISTS `history_types`;

CREATE TABLE `history_types` (
  `id` int(10) unsigned NOT NULL AUTO_INCREMENT,
  `name` varchar(191) COLLATE utf8mb4_unicode_ci NOT NULL,
  `created_at` timestamp NULL DEFAULT NULL,
  `updated_at` timestamp NULL DEFAULT NULL,
  PRIMARY KEY (`id`)
) ENGINE=InnoDB DEFAULT CHARSET=utf8mb4 COLLATE=utf8mb4_unicode_ci;



# Dump of table inventory
# ------------------------------------------------------------

DROP TABLE IF EXISTS `inventory`;

CREATE TABLE `inventory` (
  `id` int(10) unsigned NOT NULL AUTO_INCREMENT,
  `type_id` int(11) NOT NULL DEFAULT '0' COMMENT '库存类型(1入库2出库)',
  `with_out_order_id` int(11) DEFAULT '0' COMMENT '相关订单id',
  `with_in_order` varchar(191) COLLATE utf8mb4_unicode_ci DEFAULT '0' COMMENT '入库单号',
  `goods_id` int(11) NOT NULL DEFAULT '0' COMMENT '商品id',
  `goods_count` int(11) NOT NULL DEFAULT '0' COMMENT '操作数量',
  `goods_balance` int(11) NOT NULL DEFAULT '0' COMMENT '商品库存余额',
  `created_at` timestamp NOT NULL DEFAULT CURRENT_TIMESTAMP,
  `updated_at` timestamp NULL DEFAULT NULL,
  PRIMARY KEY (`id`)
) ENGINE=InnoDB DEFAULT CHARSET=utf8mb4 COLLATE=utf8mb4_unicode_ci;



# Dump of table menu
# ------------------------------------------------------------

DROP TABLE IF EXISTS `menu`;

CREATE TABLE `menu` (
  `id` int(10) unsigned NOT NULL AUTO_INCREMENT,
  `code` varchar(191) COLLATE utf8mb4_unicode_ci NOT NULL DEFAULT '' COMMENT '菜单_code',
  `pid` int(11) NOT NULL DEFAULT '0' COMMENT '父id',
  `url` varchar(191) COLLATE utf8mb4_unicode_ci NOT NULL DEFAULT '' COMMENT '可操作的url',
  `status` tinyint(1) NOT NULL DEFAULT '1' COMMENT '状态',
  `icons` varchar(191) COLLATE utf8mb4_unicode_ci DEFAULT '' COMMENT '图标',
  `is_check` int(11) NOT NULL DEFAULT '0' COMMENT '是否跳转',
  `wieght` int(11) NOT NULL DEFAULT '0' COMMENT '权重',
  `deleted_at` timestamp NULL DEFAULT NULL COMMENT '删除标示',
  `created_at` timestamp NOT NULL DEFAULT CURRENT_TIMESTAMP,
  `updated_at` timestamp NULL DEFAULT NULL,
  PRIMARY KEY (`id`)
) ENGINE=InnoDB DEFAULT CHARSET=utf8mb4 COLLATE=utf8mb4_unicode_ci;

LOCK TABLES `menu` WRITE;
/*!40000 ALTER TABLE `menu` DISABLE KEYS */;

INSERT INTO `menu` (`id`, `code`, `pid`, `url`, `status`, `icons`, `is_check`, `wieght`, `deleted_at`, `created_at`, `updated_at`)
VALUES
	(1,'goods',0,'#',1,'&#xe620;',0,0,NULL,'2017-05-02 09:37:57',NULL),
	(2,'inventory',1,'goods/inventory_list',1,NULL,1,0,NULL,'2017-05-02 09:38:30',NULL),
	(3,'goods_list',1,'goods/list',1,NULL,1,0,NULL,'2017-05-02 10:02:27',NULL),
	(4,'order',0,'#',1,'&#xe687;',0,0,NULL,'2017-05-02 10:04:52',NULL),
	(5,'order_list',4,'order/list',1,NULL,1,0,NULL,'2017-05-03 05:54:48',NULL),
	(6,'over_order_list',4,'order/over_list',1,NULL,1,0,NULL,'2017-05-04 09:14:14',NULL),
	(7,'do_order_list',4,'order/set_list',1,NULL,1,0,NULL,'2017-05-04 09:14:39',NULL),
	(8,'address',0,'#',1,'&#xe62c;',0,0,NULL,'2017-05-04 09:15:15',NULL),
	(9,'user_address',8,'address/shop_address',1,NULL,1,0,NULL,'2017-05-04 09:15:46',NULL),
	(10,'country',0,'#',1,'&#xe671;',0,0,NULL,'2017-05-04 09:16:13',NULL),
	(11,'area_list',10,'country/list',1,NULL,1,0,NULL,'2017-05-04 09:16:41',NULL),
	(12,'user',0,'#',1,'&#xe62b;',0,0,NULL,'2017-05-04 09:17:07',NULL),
	(13,'auth_user',12,'user/user_list',1,NULL,1,0,NULL,'2017-05-04 09:17:27',NULL),
	(14,'auth_role',12,'user/role_list',1,NULL,1,0,NULL,'2017-05-04 09:17:42',NULL),
	(15,'menu_list',12,'user/menu_list',1,NULL,1,0,NULL,'2017-05-04 09:17:55',NULL),
	(16,'os',0,'#',1,'&#xe62e;',0,0,NULL,'2017-05-04 09:18:16',NULL),
	(17,'os_log',16,'alog/log_list',1,NULL,1,0,NULL,'2017-05-04 09:18:33',NULL);

/*!40000 ALTER TABLE `menu` ENABLE KEYS */;
UNLOCK TABLES;


# Dump of table migrations
# ------------------------------------------------------------

DROP TABLE IF EXISTS `migrations`;

CREATE TABLE `migrations` (
  `id` int(10) unsigned NOT NULL AUTO_INCREMENT,
  `migration` varchar(191) COLLATE utf8mb4_unicode_ci NOT NULL,
  `batch` int(11) NOT NULL,
  PRIMARY KEY (`id`)
) ENGINE=InnoDB DEFAULT CHARSET=utf8mb4 COLLATE=utf8mb4_unicode_ci;

LOCK TABLES `migrations` WRITE;
/*!40000 ALTER TABLE `migrations` DISABLE KEYS */;

INSERT INTO `migrations` (`id`, `migration`, `batch`)
VALUES
	(1,'2014_10_12_000000_create_users_table',1),
	(2,'2014_10_12_100000_create_password_resets_table',1),
	(3,'2015_12_28_171741_create_social_logins_table',1),
	(4,'2015_12_29_015055_setup_access_tables',1),
	(5,'2016_07_03_062439_create_history_tables',1),
	(6,'2017_04_04_131153_create_sessions_table',1),
	(15,'2017_04_19_091550_create_table_goods',2),
	(16,'2017_04_20_011214_admin_logs',2),
	(17,'2017_04_21_010908_add_column_index_image',2),
	(19,'2017_04_21_083605_create_table_oreder',3),
	(22,'2017_04_22_010232_create_table_country',4),
	(24,'2017_04_22_022402_create_table_inventory',5),
	(25,'2017_04_22_045555_create_table_shopping_address',6),
	(26,'2017_04_22_061828_add_column_to_country',7),
	(27,'2017_04_22_072354_add_column_to_goods',8),
	(28,'2017_04_25_024207_alter_shopping_address',9),
	(29,'2017_04_25_084230_add_column_totable',10),
	(30,'2017_05_02_055854_create_table_menu',11),
	(31,'2017_05_03_024508_add_column_order',11),
	(32,'2017_05_04_014252_add_column_is_interface_to_goods',12),
	(33,'2017_05_04_111601_add_column_flow_content',13),
	(34,'2017_05_09_042327_add_column_recharge_gold',14),
	(35,'2017_05_09_110319_add_column_banner_image_url',15);

/*!40000 ALTER TABLE `migrations` ENABLE KEYS */;
UNLOCK TABLES;


# Dump of table order
# ------------------------------------------------------------

DROP TABLE IF EXISTS `order`;

CREATE TABLE `order` (
  `id` int(10) unsigned NOT NULL AUTO_INCREMENT,
  `order_number` varchar(64) COLLATE utf8mb4_unicode_ci NOT NULL DEFAULT '' COMMENT '订单号',
  `three_name` varchar(191) COLLATE utf8mb4_unicode_ci DEFAULT '' COMMENT '第三方账户名',
  `g_id` int(11) NOT NULL DEFAULT '0' COMMENT '商品id',
  `g_number` int(11) NOT NULL DEFAULT '0' COMMENT '商品数量',
  `g_gold` int(11) NOT NULL DEFAULT '0' COMMENT '商品兑换时的价格',
  `out_day` int(11) NOT NULL COMMENT '订单失效间隔',
  `u_status` int(11) NOT NULL DEFAULT '0' COMMENT '用户商品使用状态',
  `a_status` int(11) NOT NULL DEFAULT '0' COMMENT '订单处理状态',
  `comment` longtext COLLATE utf8mb4_unicode_ci COMMENT '订单备注',
  `out_at` timestamp NULL DEFAULT NULL COMMENT '订单失效日期',
  `deleted_at` timestamp NULL DEFAULT NULL COMMENT '删除标示',
  `created_at` timestamp NOT NULL DEFAULT CURRENT_TIMESTAMP,
  `updated_at` timestamp NULL DEFAULT NULL,
  `address_id` int(11) DEFAULT '0' COMMENT '地址id',
  `unique_uid` varchar(191) COLLATE utf8mb4_unicode_ci NOT NULL DEFAULT '' COMMENT '用户标识符',
  `uid` int(11) NOT NULL DEFAULT '0' COMMENT '用户id',
  `phone` varchar(191) COLLATE utf8mb4_unicode_ci DEFAULT '' COMMENT '虚拟重置手机号码',
  PRIMARY KEY (`id`),
  UNIQUE KEY `order_order_number_unique` (`order_number`)
) ENGINE=InnoDB DEFAULT CHARSET=utf8mb4 COLLATE=utf8mb4_unicode_ci;



# Dump of table password_resets
# ------------------------------------------------------------

DROP TABLE IF EXISTS `password_resets`;

CREATE TABLE `password_resets` (
  `email` varchar(191) COLLATE utf8mb4_unicode_ci NOT NULL,
  `token` varchar(191) COLLATE utf8mb4_unicode_ci NOT NULL,
  `created_at` timestamp NULL DEFAULT NULL,
  KEY `password_resets_email_index` (`email`)
) ENGINE=InnoDB DEFAULT CHARSET=utf8mb4 COLLATE=utf8mb4_unicode_ci;



# Dump of table permission_role
# ------------------------------------------------------------

DROP TABLE IF EXISTS `permission_role`;

CREATE TABLE `permission_role` (
  `id` int(10) unsigned NOT NULL AUTO_INCREMENT,
  `permission_id` int(10) unsigned NOT NULL,
  `role_id` int(10) unsigned NOT NULL,
  PRIMARY KEY (`id`),
  KEY `permission_role_permission_id_foreign` (`permission_id`),
  KEY `permission_role_role_id_foreign` (`role_id`),
  CONSTRAINT `permission_role_permission_id_foreign` FOREIGN KEY (`permission_id`) REFERENCES `permissions` (`id`) ON DELETE CASCADE,
  CONSTRAINT `permission_role_role_id_foreign` FOREIGN KEY (`role_id`) REFERENCES `roles` (`id`) ON DELETE CASCADE
) ENGINE=InnoDB DEFAULT CHARSET=utf8mb4 COLLATE=utf8mb4_unicode_ci;



# Dump of table permissions
# ------------------------------------------------------------

DROP TABLE IF EXISTS `permissions`;

CREATE TABLE `permissions` (
  `id` int(10) unsigned NOT NULL AUTO_INCREMENT,
  `name` varchar(191) COLLATE utf8mb4_unicode_ci NOT NULL,
  `display_name` varchar(191) COLLATE utf8mb4_unicode_ci NOT NULL,
  `sort` smallint(5) unsigned NOT NULL DEFAULT '0',
  `created_at` timestamp NULL DEFAULT NULL,
  `updated_at` timestamp NULL DEFAULT NULL,
  PRIMARY KEY (`id`),
  UNIQUE KEY `permissions_name_unique` (`name`)
) ENGINE=InnoDB DEFAULT CHARSET=utf8mb4 COLLATE=utf8mb4_unicode_ci;



# Dump of table role_menu
# ------------------------------------------------------------

DROP TABLE IF EXISTS `role_menu`;

CREATE TABLE `role_menu` (
  `id` int(10) unsigned NOT NULL AUTO_INCREMENT,
  `role_id` int(11) NOT NULL DEFAULT '0' COMMENT '权限组id',
  `menu_id` int(11) NOT NULL DEFAULT '0' COMMENT '菜单id',
  PRIMARY KEY (`id`),
  KEY `role_menu_role_id_menu_id_index` (`role_id`,`menu_id`)
) ENGINE=InnoDB DEFAULT CHARSET=utf8mb4 COLLATE=utf8mb4_unicode_ci;

LOCK TABLES `role_menu` WRITE;
/*!40000 ALTER TABLE `role_menu` DISABLE KEYS */;

INSERT INTO `role_menu` (`id`, `role_id`, `menu_id`)
VALUES
	(3,1,1),
	(4,1,2),
	(5,1,3),
	(6,1,4),
	(7,1,5),
	(18,1,6),
	(19,1,7),
	(8,1,8),
	(9,1,9),
	(10,1,10),
	(11,1,11),
	(12,1,12),
	(13,1,13),
	(14,1,14),
	(15,1,15),
	(16,1,16),
	(17,1,17),
	(20,2,1),
	(21,2,2),
	(22,2,3),
	(75,3,1),
	(76,3,3);

/*!40000 ALTER TABLE `role_menu` ENABLE KEYS */;
UNLOCK TABLES;


# Dump of table role_user
# ------------------------------------------------------------

DROP TABLE IF EXISTS `role_user`;

CREATE TABLE `role_user` (
  `id` int(10) unsigned NOT NULL AUTO_INCREMENT,
  `user_id` int(10) unsigned NOT NULL,
  `role_id` int(10) unsigned NOT NULL,
  PRIMARY KEY (`id`),
  KEY `role_user_user_id_foreign` (`user_id`),
  KEY `role_user_role_id_foreign` (`role_id`),
  CONSTRAINT `role_user_role_id_foreign` FOREIGN KEY (`role_id`) REFERENCES `roles` (`id`) ON DELETE CASCADE,
  CONSTRAINT `role_user_user_id_foreign` FOREIGN KEY (`user_id`) REFERENCES `users` (`id`) ON DELETE CASCADE
) ENGINE=InnoDB DEFAULT CHARSET=utf8mb4 COLLATE=utf8mb4_unicode_ci;

LOCK TABLES `role_user` WRITE;
/*!40000 ALTER TABLE `role_user` DISABLE KEYS */;

INSERT INTO `role_user` (`id`, `user_id`, `role_id`)
VALUES
	(1,1,1),
	(2,2,2),
	(4,4,3);

/*!40000 ALTER TABLE `role_user` ENABLE KEYS */;
UNLOCK TABLES;


# Dump of table roles
# ------------------------------------------------------------

DROP TABLE IF EXISTS `roles`;

CREATE TABLE `roles` (
  `id` int(10) unsigned NOT NULL AUTO_INCREMENT,
  `name` varchar(191) COLLATE utf8mb4_unicode_ci NOT NULL,
  `all` tinyint(1) NOT NULL DEFAULT '0',
  `sort` smallint(5) unsigned NOT NULL DEFAULT '0',
  `created_at` timestamp NULL DEFAULT NULL,
  `updated_at` timestamp NULL DEFAULT NULL,
  PRIMARY KEY (`id`),
  UNIQUE KEY `roles_name_unique` (`name`)
) ENGINE=InnoDB DEFAULT CHARSET=utf8mb4 COLLATE=utf8mb4_unicode_ci;

LOCK TABLES `roles` WRITE;
/*!40000 ALTER TABLE `roles` DISABLE KEYS */;

INSERT INTO `roles` (`id`, `name`, `all`, `sort`, `created_at`, `updated_at`)
VALUES
	(1,'Administrator',1,1,'2017-04-18 23:54:20','2017-04-18 23:54:20'),
	(2,'Executive',0,2,'2017-04-18 23:54:20','2017-04-18 23:54:20'),
	(3,'商品运维组',0,0,'2017-05-04 20:23:18','2017-05-04 20:23:18');

/*!40000 ALTER TABLE `roles` ENABLE KEYS */;
UNLOCK TABLES;


# Dump of table sessions
# ------------------------------------------------------------

DROP TABLE IF EXISTS `sessions`;

CREATE TABLE `sessions` (
  `id` varchar(191) COLLATE utf8mb4_unicode_ci NOT NULL,
  `user_id` int(10) unsigned DEFAULT NULL,
  `ip_address` varchar(45) COLLATE utf8mb4_unicode_ci DEFAULT NULL,
  `user_agent` text COLLATE utf8mb4_unicode_ci,
  `payload` text COLLATE utf8mb4_unicode_ci NOT NULL,
  `last_activity` int(11) NOT NULL,
  UNIQUE KEY `sessions_id_unique` (`id`)
) ENGINE=InnoDB DEFAULT CHARSET=utf8mb4 COLLATE=utf8mb4_unicode_ci;

LOCK TABLES `sessions` WRITE;
/*!40000 ALTER TABLE `sessions` DISABLE KEYS */;

INSERT INTO `sessions` (`id`, `user_id`, `ip_address`, `user_agent`, `payload`, `last_activity`)
VALUES
	('38BQEag0QjvFzmEqvOXMPyMcnBdrkbbVLRAVI7Xm',NULL,'112.80.138.184','Mozilla/5.0 (iPhone; CPU iPhone OS 9_1 like Mac OS X) AppleWebKit/601.1.46 (KHTML, like Gecko) Version/9.0 Mobile/13B143 Safari/601.1','ZXlKcGRpSTZJbTlJTW1ocGJYTnBaVkJyVFdWT04zVkVVRWxhV2tFOVBTSXNJblpoYkhWbElqb2lhVVl3Vm0wMVNHY3diMFZCUkVaWFFtMUJWVWhCUTBJeFUwczNUVmxwZFZ3dmRsVlBiWFpOYjBWeVZuaFVVWEZPZFhWUmVVTnpWbms0WTNsUVIza3hLM0psZDBwaWJqZDRlV053TTBaa2NFRXlhVGt4U21oUWNVRmFRVzEzWjJSblEydEhTbkFyU1RKU2FFOXlUekZTZGtsMFNXbERkRXhIT0RoSldXSkJkVkY2WnpGdVZETkVkVGN3YzJsTVQyWXljblpSTUZsbE4zaFJRME4yYVRodWMzVmFiMUp6ZVZGTGFqaGFkbHBFUTA5TlpETnVLMmhuTjJwb1kwUmhjbGxLWjAxbFUxZFpWU3REUlhKWE1GaERSMUUwVDBNclNIUkVTRkpoTXpVd05GVm9SRkpHYTFWdWFIQk9UVGc5SWl3aWJXRmpJam9pTXpCa1ltWTJNemxoWm1JeU1qZG1aR1ZtTXprek0ySmtZV1V5TldVeU16a3lZbU0zTUdRME56RTRaVGRsWXpWa056a3hNMk5sTVRReFpURTRNV0l3WlNKOQ==',1494471823),
	('4xCBso7GwHEmgnipC1ez1Zkce82QTITSFP1hde6M',NULL,'119.2.19.101','Mozilla/5.0 (iPhone; CPU iPhone OS 10_3 like Mac OS X) AppleWebKit/603.1.30 (KHTML, like Gecko) Mobile/14E269','ZXlKcGRpSTZJbGsyZW10T2JVa3JNekpzUjFOSGNsVkpURU5vTkZFOVBTSXNJblpoYkhWbElqb2laR1I0UVd4U1UxVjRiVWxWUkdVMFFVbEZNVmh2VVRSUVJqTjNVVmxIVG1sUFVrVkZjVnBRYm10WWVHVk5XbXR2TVRjeE1rSlBkRXRFUXpob2N6bFNZVGRQZEZONE1HVnpNMHBQYzA1VU0wVkphR1ZHVW5weGJWTlBVMVZ0TkhjeldrTjFYQzlXWVhNclpVVk1SMVI1WjBsUFVuRlJSR3A0VTJobU5uWkVNa3BTVjNwb09YRmxiekJvWlRZeGN6RjZhbkpXTkVrd2QwZE1LM3BGTTFadVMxbGFkRXQ0VjFsRGJUYzNSSE5tUkRjek9HaDZUekZjTDJ0V2FWZHRTVVJMZEhOWVFWVXlVRUVyY1ZWb1pVSXhPV3B0TW5WaVZqSkVXRzVRTUhsQ1FtMVljR3RwVTBwTFNqVlVSR2xVWVc5VU1YTkJUalF4ZGtSTFFXSm9hVGxWTlVGNVdFTnROMVJ0U2twVWEzbHRNMEl5WkhwR1l6VmxRVUpPTkhnMFJqZFpPVFYyVm5jMU1TdDZSVEF3VFN0RlZXTnljRFo2VkRaalpWaElZakZIVkZ3dlVtdG9TR3d4ZDFKc1ZtUm5TMGhaVWtOUVoyVmhLMFZWVkVkUlEyVk5TRWxNZW1KSFRGbHNTSGh6ZURkWVVVWllUalJJZFZOVFZGZDNRVk5xVDB4MVFrTnJWRlJLWW0wNVJuaDBOWGxjTHpsblpYUkRhWGRrYW5wUkt6VnhPR2hNTm5aRE5sTnJkMmd3YzJ3NFNrTjROazVoY0RKbE0wMHlSa2h5TVdOWVdHaHBiRXh4WVU1bU4ydzNiRW9yVURoRGRHOVNTa3BRWVhacmQzVjBlRFZ4TUVablltNTZjM1pqTVRNeWF6VkxkRXd3U1RreFdtbHpkbTEzUTJwWllVdHBhbkYyWlhwRkt6Vm5YQzh6UTNCSU9YZHJORnd2UlZoQlNuQXdiMGxOV1dGRU5WTTVkVVZrZERsWVpuRnJOVVYwWkZ3dmJuTkpXbU4wU1dVNVJsd3ZTRzExUWtkTE1IVkNla3d6Y1ZKQmVGTmpVRmxHWmtocE16a3hWa1UzYVZGR2RHdERXazlSV1dORGVFVnpaVVJOU214eGVGWjVkbVZyYUVwalpWTmhWSEUyYTF3dmJWbG1jakZpZERZcmVscHVkWHBJWWt0cFRrTnZTWFIxSzNWVE0zY3hPVkJxVlVZM1dIVlJlbWx6UVhreUsyODFjREJMTnpSUWVVUnZaWEZVWjBORWJrTkhhSGM0WlRaM1kyOTJOMWxVUVRac1ZqVm9PWE5RVm0xNFlURXhiMngyVjNWTlZWVkliMlpZTldKbmVVaDRhSGxJYkVaclUwYzJlalpuWXpGS1VUVk5Oblp3UlhwUE4xWmFVM0J6Umt4T1lsRkhVbUZJYUZ3dmVXVk1kV2cwYWtwRmQyWjRTWEZ2UjBWRWQxUnZURXhsVDFkNVNrRnhkRlJpTUdKTlhDOXZaVmRUZDFWY0x5SXNJbTFoWXlJNkltWmpPVEE0WWpkbVlqUTVZbU5qTlRsa05UYzNOVGcyWVdJNU5tTm1aV1ZqTnprd01ESm1OREUwTlRNek1tUmtORFZqTlRSaFlXTXpOMkUxWlRWaU1HSWlmUT09',1494470760),
	('6r6irTpzM1DfTwCeL5EFU3jORbZUTqDOrIOH17ER',1,'119.28.66.185','Mozilla/5.0 (Windows NT 10.0; Win64; x64) AppleWebKit/537.36 (KHTML, like Gecko) Chrome/58.0.3029.110 Safari/537.36','ZXlKcGRpSTZJa2xJYjNoWGVsSTNkR1ZTZG5kRWFHWnlRMUpPVFVFOVBTSXNJblpoYkhWbElqb2llSGRrYzA5dVJWZFliMkpsT0dKV1JURllkM0ZKVGs5aFhDOHpkWHByUzBGNVVtNU9OR05FVEVoY0wxWjRhMHhMY1RsNU9IbFZWMUJjTDA1dlRIRlVjbnAyUkV4bFN5dENNWFE1WWtaRmRtWXpRM2s0VVZwYVVIUnlLM05WV2toWmVqWm1UMnAxUkhaY0wwSTBZekJCVnpsRFdtRkNURlZIUnpWM00wTXlaVnBtWTNGQlJrdGxSVGR4VVhrMGVYTk5PVGRQVUV0NFRWRlFhbXMwVDFCbmEyMXZURVZVTm5GdGJWRmtWbTVRUkRGc2VYWjNSV0ZaWm5CaFVsQm9jVzVLS3pCc09HbzFTbU5ZV1ROdWVHb3JSMGx1ZHpodlNrWnFkRmgyTXprM1NHUm1jbnBWWlhWWk5ESmlXalZFZVZwRVdtNVBPR3g0VURaRVFsa3pXRkZVY2pOVGJqbEZOMWs0V2xkNlhDOHhVWFlyTkRKbVZrRlZabko1YUdaT2NuTnFjRnd2UVVadFJrVk5kRFpUZG1SbVIwdHVNMUozTWxGcE9VeDRTV0ZpVHpRNFZrZzRaRXhOUW5oUVlrTlVYQzhyTjFwbmJqZExURnd2UXl0U05sbDFWVTB6WlhaR2JYTmhUa1l3VUVsM1NYVTNZbWxQVTBadFZHRktha0pVVm5GWU1ESllkWGRsWkZVM1VtMXdVekEyYjBRelJrbzNNSE5OZWs1UEswdHpaa1J5UjNkQ1RraEVNSEIzVW5sNlYydHhZM0ZyZVVkbWNYUm9WMUF6VGtwRGFHTkNjRmRxWEM5dlJTSXNJbTFoWXlJNkltUXhNR0l5Wm1Nek5XTXlZbU5sTXpBeU5HUTBaR0ZrTldRMFltUmhNakV4TnpabFptWmxZakJtWmpBelpUWmtNelJqWW1KaVltSTVOREZsTm1JNVptWWlmUT09',1494475695),
	('DZ5CGED5Y4QmS5Rs4iDNRJr7LTLLiIdYqdCGHawk',1,'119.2.19.101','Mozilla/5.0 (Windows NT 6.1; WOW64; rv:53.0) Gecko/20100101 Firefox/53.0','ZXlKcGRpSTZJbGRuWWpSWVRVeHFaalZvVEZsTVIyNWpaWEZGUjNjOVBTSXNJblpoYkhWbElqb2lXa0l4VUZ3dk9FbFFWbHd2Wms1RVNqZFFVbkJ1Vm5Sa2RHOHhSamhWUVROSk56RlpPVmhTTVV4RlFUUlZUMDFWU1RrMU1Wd3ZVRGxwWEM5Nk5TdHFPVnBIUlU4M1UxSlZibXRXTkhSS2RFRXJkbXRXY21JME4zWjVNREJMY2tSRlQyYzNjbTFsWEM5bVMzcHFRekpCTmxaT2RqVXhOVXRhZWtoSFhDODBTSEZuUW1GdU16TkpUR3hQWkhKWlhDOTNZekJFZVhoQmQzbENYQzlWWkNzMVdHbFZiVWRqTVhKNWJXNXpZMjlrUlcxRVEwNXVkRWgxY2poUFRHaE1lak5IWjFsME9ESlNNRU00YzBGUlZGVktjMk5uT1ZGU01tbENPVFpFVGtnMlNHWlhXR1kyU0VSRVUxUkhZMHB5UlU5NFVWWTJVMVYzYm05RlV6RmhhbmcyU1VkVWIxUjFNVGhqUmpVM2RURXJWamM1VUUxU2RGaEJObWhKY1dwdVJXNWtWM2RFTlRNMmJYbGhUMFYwYTJKU2RrcE5ORTlXUWxCak5tcGpUSFpsY1ZwS1ptcFZhVEI2Tm05UVIzZEVWblpSYkdsdVdYUXpNVWwxY0ZRNFZGZGNMekZtWlVOY0wwODNXWEZxTTJSY0wwMVVkSGhWTkRFcmJsTk1kVEV5ZDIxMk1WQjNORk01Vkdoa1dXcHVNbXhUVGsxM1UyUndTRzVaVFdweFRrdHdTME5JTWxac2IyNXpUbTgyWlRselZuQTRlVkpMZURWSksyWkxWbmhCV1N0c2VXeE5TMFJGYzJ3eFVHMUtVbFZuV1RGcmVFbzRSMmRsYUhsVU1ITkZiV2RPVW1KeGVraFFRVEJZVGxOcVQyZHljMEozUjAxWGRXMXRjbmMxUjJnMk4yaDJTM055YzJ4MmNWZHVTRms1TTNKdFJsd3ZaVGRITjNwT1RGbERlV2xzZVU0clJEQjNTU3QwV0cxTE0yUkNRazUxZDB0SVN6WlZQU0lzSW0xaFl5STZJakpqWlRoaE1qWmpZelEwWWpJeE5HSTNNREZpTm1WbFpUZ3hOR1ZsWldabU0yWTFPREF3TmprM05tWXpOV1l6T0dFeVpEZ3pZV0poTW1abE5ERTRNV01pZlE9PQ==',1494469558),
	('EAQtMmIjnPnJiXAiWpzERmd9BPhOICvn1VDJXsvg',NULL,'119.2.19.101','Mozilla/5.0 (iPhone; CPU iPhone OS 10_3_1 like Mac OS X) AppleWebKit/603.1.30 (KHTML, like Gecko) Mobile/14E304','ZXlKcGRpSTZJbUZtT0ZBcmVWUm1ObGQ0U0hGamExd3ZTV3BoZFVGblBUMGlMQ0oyWVd4MVpTSTZJakZFUkcxc2RFc3dTMngxVGxKbk9VSlBlbUZXUTJsQ1VWcHBWWGx6ZDFkbFlVOTFZVTFSUjJGS01XaDViMXd2WEM5bU9FUndhamQwYW01R1FXc3hiVGh3VHpjM1RtTkZNVWxqTlRKSk5Gd3ZSRXBNWEM4eE9XNXdLMnhRUWxoVVpERmlXRGxuUkZkY0wwMUJSVkZaT1hOM1ExUjBNMXd2TkdselhDOVNVM1ZJT0hrMUsyOVdUbVpNTmpKTU9GSkdjRmx5WEM5bldVaFFhV0pzWlZOeFRXbGtNRWd6TWxwVFlsQlJSa052YTNOeWJEWjZTRTV1VFhOamVHdFlXRlZaZUVKTlluWkdZV3RaU0c1UVoyNW9UVEoxYTNob1IwcHpOVmR1V1RKeVJteFllVFZFVGpGMmVrbHBWV1ZFYW1wR2RrbEJPWHBMWjFSTFJWZDZYQzl5TjJSWGJsQmpSM2xCWjB0NVlrdDVNV1ozWWpoT1dpdFJURWhsVlhBelJEQTVWMFp4TjJOb1ZUQXpkMDVUYVhGNlprbzFibmwzT1RJcmJIaGFVMDQwZEcxdlRreEZWVTVQZDFaY0wyY3JXRVZjTDNCVVRtaHBUV3BOUmpOR2FrNTViMlJuUFQwaUxDSnRZV01pT2lJMU56QTJaakUzTTJWbFpXSm1NalE1WVdKa01tTmpZMlV4TTJGbFl6QTBOR05pT0dRME56Y3pabVpqWVRnME1tWmlOR1UxTVRnMFpqQTBaalZsWlRVNEluMD0=',1494474584),
	('exNhE4TsQNMefMFfpEuuvyDW6RCzLOa9pFC9Tjb0',NULL,'119.2.19.101','Mozilla/5.0 (Linux; Android 7.0; FRD-AL10 Build/HUAWEIFRD-AL10; wv) AppleWebKit/537.36 (KHTML, like Gecko) Version/4.0 Chrome/57.0.2987.132 Mobile Safari/537.36','ZXlKcGRpSTZJbHd2WkdwdWREaHFSWEpqUTB0VFlVNTJWVk5oVUhCblBUMGlMQ0oyWVd4MVpTSTZJalZqUzNaTU1YZE5TV05QTkdsb1drZGxVbVZyWXpoNmFtNUtiQ3QzTUV4QlRsWTBTelZ0ZUZ3dlNXaHpSVzFVZEVSTmJsTlRWV040TVZacGNTdHhLMXBPUTNkY0wwaG1hMGMzVFRKUU5UWjJaVkZSY3pJelUzTnRhMEZYUlVScFJuWllNMEZMVG1sak5sVlFVMGN4UTBKM1ZWd3ZTR3RVV1hWVVNEbHRha0pMWnpaeWRHc3JRVEJ6Y2tOVlJubHZUWFZvYVVac2RsaDFObU5WVGpBd2Eyb3hjV0pzZG14QldIVkhTWE41ZVhsek1tcGtRVUl3VEZweGRURTNWV1pPZUc5cU1qSkNkRGcwTkdaMk5YQnBOekIyYzNwdlVtVkxTSEJtWkZWU2RqTldPREIwYmxsS1FqQnJSamhHYm1sTU1HcFpXblZFSzNnd1pWYzRPRk5TTlZwU1pUY2lMQ0p0WVdNaU9pSTBNalJsTkRBM1lUZ3hZVGN5TURSa016Wm1ZVEl4Tm1Jd1pEYzRaV015TURVd1lUa3hOVEZpWW1RMVpEQmxPV013TlRSa04yRmpZamt3WlRoaU1qazFJbjA9',1494472040),
	('fCaIpwDYvmEUIdYTgHVZlp4TBZ7v6HFOQ98Nfb2S',NULL,'119.28.66.185','Mozilla/5.0 (Linux; Android 5.0; Lenovo A1000 Build/S100; wv) AppleWebKit/537.36 (KHTML, like Gecko) Version/4.0 Chrome/58.0.3029.83 Mobile Safari/537.36','ZXlKcGRpSTZJak5XTTB4MmNVVTNNVlUzY1hoMlRscG9hMWhvU1hjOVBTSXNJblpoYkhWbElqb2lUVlpOTlhwclltcDJSVWg1WEM5MlpXNUtZelJVTlZSVE5ETnpTekZoVTNJMVpYVnNWRlp5Wnl0aE1YQlZiakJvUlVnMk5Wd3ZORlkyUVZrclNuTmlkbGhPUlhNMWFFSnpRazluTm1kck5ISlZkekk0VlVGSGRVbFpTbGRRY2tONGVERXdVMU42UlUxMmRuRnFiVzVwU3psc1lrNTRNbnBvTkdKck5sTlZWMlV3UjNONGVVTTNURkowYldSWFFtWTVTWE5VZEdOQlZ6QnJhR2xhTUhsVk5tSklTbU5HV1RBNVpqUlJTMmRyYmxSR2VtMW5jR2R1TVhSRGFVazFWSFJRWW1Ga1NFeGlNbGhPYW1kNVFVZElTbTlSV0ZKeE9HSm9ia1J2Vm1kT1JVVjRiV3hSY0hSa1hDODVNbWwyWjJOYVlsVjZhemh3TURReWNuRkpjalkxVGt4bVZqUjBkR2c1Ulc5Q1pFZzNjVE5jTDFWY0wzWTFjMDlVVnpOVE1UaEVVSHBRVGpock5tc3djbXRsYmpoRVRuVnBVV0pYWmx3dlVVaDNhMEZCT0c5cFEyUXJWRVJSY1ZCRGRGQjZaVmxKVEd3MmRGcDVhVGtyU0VscU5DdFpYQzk1VmxOcmFGcE9ZWEp1ZDFwTlpXaFZlbGhXVTJwaFpGTndjbXAzSzBaRU9WZEVhbGxqVVdNeWJrNVlPV1V3UzBsYWJtaFZhRlJTYjBGRmEyNU9XbWg0Vkc1WlQwNWNMM0E1VFVwNk0zTXdTMFk0YUU1TlJXUlVURXhhYkU5RFEwVlpSRGR3U25CaFdsWkdVMFpxWlVkWmRFSm9hRVJtVFU5eWVVeGlSQ3R2ZGtWTlEwUmlSWFJQYmxCQmVtcDFhSFExWEM5eFdtMVVjM2RLYVZCbFJYUktOMlZUVVZGdGR6RmlNR1ZxZGxadVZHSmhhRmg1ZWs5NWMzSnNkVEZXZEcxeE5FOW9hVmgxZVV4dldXeE5TMVpYVFZOS2RGWTRSekZQTVc1aVUzZzNkazVqV0hCVWJIWm9hWGR3TkhWcmRFRkRjMDF5ZFcxSFFreDNaV2t5T0dsMGQzZGxUWEZXUzI5eWJWTlVLekZ2VTNFNGFtWkhiMWx0WkhwYU4zRlFSM1E0UnpReVozSjBlRXcxVUUxQlNqQnJVVlpZWVhaSmR6UjBWV3hXZWtReGNYUnNZemhKT0VWeVdrVTBjbHBUTlRGNWFHbzJOa1JtVkdaNWNEQTNXbTVPZERVMFpsbG9NWEZUUkhWbU5FRjVXbEpTTmtac01rNVViVTVWVG1kaVZYcFhkR3RVWTFRek1EWm1hWGx2Y1dwMVdURnVUSEZjTDNsU2NGbFlRMlZETW14Q1oxUkVTekpDVVhGeFVqaFZla1Z1WEM5WU1uaEpOalJtU0VaTmJsTTJWRFV4Y0U4d1QzcEdPRlo1VlVOQ1ZrNXhja0ZsTUZsTVUyMU5OVmR5TjNORlExd3ZRak4wY1haUWJpSXNJbTFoWXlJNklqUm1aR1V4TURVd05tTXdaR1F5TWpCaU56azNNelkyWW1ZellUWTJOVEk0TUdFeFpqRTJZV0l6TldNNU9UWTFPV1pqT0RabVptRmpPV0ZoT1dNeVpUZ2lmUT09',1494473667),
	('FirukR3FqaaX0IT6N8Ymy55ZSm1OUsbC9L2mQucG',NULL,'119.28.66.185','Mozilla/5.0 (Linux; Android 4.4.2; HTC Desire 820G PLUS dual sim Build/KOT49H) AppleWebKit/537.36 (KHTML, like Gecko) Version/4.0 Chrome/30.0.0.0 Mobile Safari/537.36','ZXlKcGRpSTZJbWs1YldRMmNESnZPVGxNVnpCSU5VNWxRemxPVWxFOVBTSXNJblpoYkhWbElqb2lRbGRyYkVoNmMxTjJURVJEY3prNU5VcFFkbkZEYlhvMlRqbEhkRzFJWVdjNWJ6ZG5iM2RLVXpKNFhDOUxRVEJVYVVSSVprazNUbGxJV0hCeVVXeENPRU14Y0hWMk5sUmFNRU5wU21WWFVERnhabXRSZVZ3dmFVVTBhVmR6WVU1MVYwWnlZbVpQUVZSQlVrdDNUMGRYVms1RU1UQTBkRkpETUZOeVRIRlVXRnBZZEZOWlZFcHVUak5sYlZ3dlluVnFjRkU0V1ZkVWJFbEJiR0pFY25sM1RrTlBNMjExVG1WamNrOVFVakZrVDFGRGEyMXJSVVpFYjBVd1J5dFZXalo0YTJKR2Mxb3lTa3RhTWpGMmNGWnBRaXR0VEZZclRtbDNVbkVyV0ZkV1QzWmNMMlJSUkRoSFJVOVpiMU5yZEdOd1dVRlpjaXRtWjFrM2EwYzNhRkZrUTBwV1RFRlRLMmxOV21JNVEzZ3dhVXB0WkRkSlVVUllTRnd2WjFjMlhDOXNVV1lyTjBObFNtTlpVbmRGTkZ3dlIzcHVTemN5VGxsTVVrMVllV2d4VFc5UFJHUm1RVnd2YW5sMmNHSTBkV1paWjFsT1lTdFNLMHQwTlVWNVJuSlpkakpHYmpsS01rdFpNSHBhSzNWdVVrWkdabFZ6TUc5NFkyZFlibmxRYkRFNWJEY3hSM0JTVG1jME1VUmpjMWxGWlZoMWMwSXpXaloxWkRaUmEyb3lWbmczVjNGUVFXaFhlRlp3YTBZM01qSnZkMkp5V25sR1QydGNMMVZFTUZORFdtMUpRM2h4Y0RoaE5XcDBYQzgxVkhaWWEzZFRRMVpRTjI5a1dUbEZhVWRIVmxsb1RuRnlWMms0UmxOTloycFNjV2xUYzJoc1RYVmxaV2xCVm1Wd1VuQnBZV1ZvZUhWNFpTc3piV3h5YVVKbmQyaDFXbmRWYjJaM0sxaGFhQ3Q0YlVKV1UyVmNMeXRsVDIwNE9VTmxlRzVxV1VVNFpsaDNUMmhaWkdFMmMyb3hLeXRDUlhwVVpHZFVLMjlZVnpWMU1XeEZOV05JZEROMmNXeDVlbkI2UnpGMVltOTZhamxPTWtsV1RFZHdTSFlyYlhSeWJuSklSVE4wTkUxVFVWVXhSVE5NUTNCclYyOWhiMUpzYUVObWRIVmFNVlZIYzBrM1IweHRhbkZTWEM5ak1GbG9lbVV4UzBwRFN6RkhSWHBCU1RWRmVrUmhiakZpT1RjNVMwa3JWRFJsVTI1dVRrWjJPRUpqYkZnMGRWbzBVamhKTkhOUlUwMHpSVTVHYkZGY0wzVTNTMjlZY201UWRUZHdSREJ2VXpSeVVHTnpXR3hwVmxWNVVEWkNRVW8yVUUxY0x6Rk9TVEpSV1VjellUUmxjQ3RvVkV0UlVGVXlOMU5oZFhWUFhDOWtUa3B0WWtodVpFWkthamQ1YkdrMGVucFRjWHBET1hSVWF6MGlMQ0p0WVdNaU9pSTVNbVJsTm1JM04yVm1ORGszTUdZek1HRXlORGc1WWpRNE5EQmxNekpoWVdRMU5HWXdaamhtWkROak9UQTJPR1UxWWpOaU5tSXlORFJqTjJJME1qUXpJbjA9',1494474426),
	('G5Kp6PMTTsTtS1ZsycUL8Ajmv6WdOd02h00GjezM',NULL,'123.139.18.151','Mozilla/5.0 (iPhone; CPU iPhone OS 9_1 like Mac OS X) AppleWebKit/601.1.46 (KHTML, like Gecko) Version/9.0 Mobile/13B143 Safari/601.1','ZXlKcGRpSTZJa2xXYXpSMVJsRkRRa1JMWW1SNE5HSlpkazVxTkdjOVBTSXNJblpoYkhWbElqb2lTRzFMZW05aU1XTnBOMmxwUjBNME0ybFdSMEp6UWxGd2FFcHJaelI0YmxSQmJrbzBTMVpvVmtjMlVUVTRUMDVSTWxsSWRGTldjMEZJVERSNU9VODNLMlZqUVUxNlEwSnRWM0pjTDFSaGRrVkhTMGwyWjFOU1oyZE1ZMHAyWlhOcE9YQkJiRTl4SzFGbVFrOVpUMFJKWTJWc1ZYTTNZMDQzU2tSQ1owOVVZelZPVEc5SlFsRXdiRmhMUzFwNVpsZzFVVlYwYm14NmJsb3pWMDF0Vm1FM2NsSlBPV1oyYVRCdVNHMHpSV3RXWTA1WVNqUmNMMDl2UTFSeVlrOUpNV2hvUkROUVFtWkNaVGxqVFVwNWRFbGlaREJrWkhnMVEzSktTMFZoVVVWM1luTkVTMWxZU2pCdmRHSmplVFpEYTA5RFprVklORkZ1V0RBNFlsZzVVbmxMTkhwY0wzbGxaRkowUTJKaFZVRnVSR0V3Um00NE9YSlFTRnd2Wld4T1pEVkdkMFIxZVc4clUzbFNUelpIVVdwWlJVbzNLMEpqUjNodlNWd3ZjbHd2ZWs5RlRVcHFlRGw1ZVRsdGRsQkRTM2xKYlRVNFozQktSak4zYjJWQlBUMGlMQ0p0WVdNaU9pSmtOR0U0WVdWaFpXUm1ZemN5WXpNNE5XSXhZelZoTjJKbFpHVTVOV0k1TkRFNE0yTXlaalV5WkRZeVlqZ3hPVGt6Tm1Zd09UbGxORGc1WXpWa1kyVTNJbjA9',1494474323),
	('HnUOaglWB7FNmFBfkbDnuMBs7zlIzQA33EhR7xcj',NULL,'119.28.66.185','Mozilla/5.0 (Linux; Android 7.0; FRD-AL10 Build/HUAWEIFRD-AL10; wv) AppleWebKit/537.36 (KHTML, like Gecko) Version/4.0 Chrome/57.0.2987.132 Mobile Safari/537.36','ZXlKcGRpSTZJbWhtY21SdWFITjFPRXBYVjJSTE0zUmpTVm96Y0djOVBTSXNJblpoYkhWbElqb2lXakZZVEd4NllXOXdjbFpIVUdaUk5EY3lkR1pHZFZKSE1VUnFUMlJWUldoRlVISmpTWEZDWkVSVGNHaG9aVmx4WjJFMVZXeHdURXAyZUdGVFptb3dOMHczVG1oWGRrSmFWRkJ1VURGTlFXSjBjRUZ0TVdzMGFrRkdRM2xsWEM5R1NYbFBPRVZwYm0xaVlWd3ZiMWRNSzAxRlREUXpXSGhwVEd4eFRFVjFjVTlKUm5WUlJWSXlhMFpWTXpkUlEwMXRlV1JyY0hkMFIzUllibGhMTlU5ellqUnJhSGhWUWtkM1NuaExSbEZHY0d0VFJUZGFUMEoxWldGVFRVSkNabUZoSzAweWJqVlJlRzQyWWpRMU1uQlFNWE15VTJSWGIySTRlVVkyTTBablIyZDFWR2h6TldKdVRtRnRSR1p4UVZrNFVWSmNMMnBQY0RsSk4yRlBWRVJQY205ck1sRkdjemRZZDI1TFJGRnJWRlpSYkZFellYRk1hSGRxTlhnNVoxSk5TblpzVmxBMlpVbG5SMmRqVGl0eEsyNVdNVE41Vlc1bFhDOXNWRWhQY1ZGRFJFaHZkMEV5VjFGVk1UaHNVRk5aUkhoNE4wVkllR3g0UlZGNFdUVm1OM0pGYldoTFJIaEpWalpwZUZnck1FTkxabHd2YnpWRlVGSkJTbFZCY2pkYVNtZDVOSGt3YW5wSGJXSkxWRVk0TkdoU1ducEdlR2hCVVRKeVRraHVNVlpOZDB0bFQxSjVaV1pzWmtONU5GaEJRMXBMTjBjMldXcFRUeXRYTTBKV1pDdHRiekZWVWtJclFYbFRaa1l4TVhaVllXZHBkMngxSzJwTmNrSjRXVFpEVW01aGFVaGljVzQ1YWxSWWVsTjRlSGxaTm5NMWFYVkVOemxsSzI1emJqWldSVmxNVlhCaVNXMVhPSHBMY25wNGVscFphVUpWZVVFck56VkxhV3BNZVhKUk1XcGlPRWt3UzJOT1VXSlVlakJMTUZ3dk1IbExSelF5WkVaUVZuWXJlVGRpUTFSM1IybDJaV3c1UWtoQ1lpdGFjWEppUkZsM1FXWnVSMFEzWXpCUWNWcHhLekptWEM5dU0ydDRUV1ZTUmtKS00xbEVVa2haVVN0RmJscEhTVEpKVjFoTmFUUmpjMmx0Vmx3dmFHNTNiRmx0VjJGRVpUUXhUVFZ0U0d4RFpHVkZSRGRPUVd0RmFHNUllVWxPY25KcmRsaGpWMjU0Y2twcWMxd3ZZMEpyUTBOYWEzWmFiRk01WEM4MFJVZExSbGsyVUVneGNFRm9kbnBVVldsTlVYRnBhRk5HWEM5NE5FSlhZVTVOUWpNelV6WkdUV3hpZUhaVVFXcHRWa1p5Y0hSbFFVWXdXbmh0VUhZMFFtRlJVRVZQVTJSQ1dHY3pOblZMVWtORk5qZDNRVlpUVURoMVJsTk1NemROYVdWcE1GZHlhMkpTZG5CVWJuTllTbnBuTWs1SE9FMVJWbHd2YzA4M1dTSXNJbTFoWXlJNkltTTFNV1kwTm1FeE9EUmtZVFEzT1RCbU5EWmxNVGc1Tm1GbU9HVTVObU0zWkRBek1qZGxNekk0Tmpoall6QXhOV015TjJRM1lXTTRZVEl3WkdaalptTWlmUT09',1494470865),
	('Ndxiyek8YNR1wxkJmeJ3mAhk550nc78UagHhVHSe',NULL,'123.139.18.151','Mozilla/5.0 (iPhone; CPU iPhone OS 10_3_1 like Mac OS X) AppleWebKit/603.1.30 (KHTML, like Gecko) Version/10.0 Mobile/14E304 Safari/602.1','ZXlKcGRpSTZJbkpRYUhaS1kxRjJNMGRTTlVsRFFtdFlVWFl5TUdjOVBTSXNJblpoYkhWbElqb2laRnd2Y0RGQ2JGd3ZlbTUyVkhKUU5pdGliMUp1VTIxR1psd3ZhMEU0UzAxNWFXRlFhazkyVUhGMlp6WlphVU5UV1daeVQxaHBPV2t3YVU5a1VrWnFZMXBJWVdkcFIwMHljVGxKU1hwYWJEVlJXbVZDWTIxcVNHWk9VbFZ3VGxaWGIydDJXVzluVTFWRVhDODNVRmhrTm5VNVIwY3hRbFUzYWxoQlQyWlhVSFJoU213elFXSmlZa0p0VGxVeFVrNDBlVzFEUzJkbFkwRlNNbm93YXpNNFJVZG9ibFV3T0ZKR1NUVjZhV1oxWVZWaE5GWk1OWEp0VFRCQ1VHNVJibEZRVVc5RVRpczBiakFyTTJaSlYzbElRbFJDT0V0TU1uQjFRV1JpUzFkdFRYQnROblZxUWs0MFREaEthWHBMVGtrMVRuaGNMM1pqZWpaVGFHdzNabVJaUm1kUVJ6Qk5RVkZDTlZZNVYyaFJielV4V1ZKTGFqZFphSEZPZVU0M1QxQXJWWFZrUkhac0t6RnFjR041V1daY0x6QjRjWE4zWVhjMFhDODRUMFZXTkRoVFptUjJibnBTTkZKRWFGUk5jV3BCTlc5V1ZVZHdXVlEzTmpWcFFUMDlJaXdpYldGaklqb2lNREpqTjJJMU5EQmtNMlF3TkdObU5XSTJNRFkyTm1JNU1qUm1NMlpqTWpZelpHVTFPVEExTXpZek9EQmhNV0UyTkRGaE9XTTNZVGRrTldFeE1UUmhaaUo5',1494470328),
	('rLHflugduOSVtk8vIgRLoJj4TlvSQcpAlyIMNFF8',1,'119.2.19.101','Mozilla/5.0 (Windows NT 10.0; Win64; x64) AppleWebKit/537.36 (KHTML, like Gecko) Chrome/58.0.3029.81 Safari/537.36','ZXlKcGRpSTZJbTlXVGxaa1RHZFdOa2d3WEM5VGNsSnlNM1ZPUkVWM1BUMGlMQ0oyWVd4MVpTSTZJa2MyWEM5R1VURkdiV2xRYUhvMGVsZEhielpjTHpWMlZFVjZUa1YwUlVWV01FZGhUVVJQV0ZKVmJUWldYQzk2ZUd0SUszVkVaV2xhUW13NWVXcDVkRk5oSzNGT1NXeEhjVWxtYVRKdlJuVXhlVEJxY0RkUFVWTTNXRTlxU1dZNFZ5dFJUbkpIYVZOelVEQnZkMXd2VjNNM1YxTmhiRkprYldkMlNVcHNTMnRoVlVkTWJsZE5kM0poWld0UEsxZ3hhRGhUZUZSMGFUWTJTbFpXTjJveVNtRXpWbTQ1VUZNck1WcDNNMHRNVnpOMlJXSXpVbWhjTHpRd2VYbzRVVEJRVmtSTFVIb3dkMmhXTml0VWIzZG5kWEZNUjBaM01taHliSHB5WTNoV2EwdGNMelJwTkhaRFQzcEdNSFpUY0hNclozbGhXbTFESzBGdE4yUXhaMWR2YzJ0dk4wWnNkVlU0U1ZkdVUzVllVMjlQVDF3dlN5dFhUV0ZFUjJKV09YVndVMWhGYUdOSmExTXhSR3h5TUhCaVpHRmlObVpOZFZkNVZIWjJRVTlFZG5jeGVXSTBjMEl5V1hSUlFqSTNRMEpvTWpWRWQwdERXRW8yTW14MmJFdFZLMVZ3WmxZd2FWQlNWVkUxV2s5blJYWndWbmhrYWxaM2JYWlRiREVyZDFwRWJHRnVLekpXUmtwbk9XWldWRUZPTjNCeVMwbGhXWGg1TWpOM01Ua3hjak1yWWtweU5qWndUelpZYm5OY0x5dFpUV3RzWnowaUxDSnRZV01pT2lJeE9USXhabUpsTlRsak5XRTFOek5rT0RRM01tSTNNR1l4WVRJeU5EWXpaVEprTnpobU16WmxZbVpoWWpRd05UYzJNV1kyTVRRNFptRmtNbUZrTVdFeEluMD0=',1494472939),
	('ruZQtZSj4vuHWQYy7SBthoUj25GZq1RFA9wrjTkn',NULL,'119.28.66.185','Mozilla/5.0 (Linux; Android 5.0.1; SCH-I545 Build/LRX22C; wv) AppleWebKit/537.36 (KHTML, like Gecko) Version/4.0 Chrome/58.0.3029.83 Mobile Safari/537.36','ZXlKcGRpSTZJbXhITVhGT01uVnJkbFo1T0dzeE5qUkJORWwwYUVFOVBTSXNJblpoYkhWbElqb2liMFl6Wms1MWQzcGNMMk5ZTlZwakswcHdXSGs1WW5CUWN6QjFNVlozVDJ0aWR6WkVVM2hCYUdsVlpHRm5aMkYxSzJoeU0zRkNXbGwzWlZsV2VWaElWVk00VWtaRFJtSlpWemN6YUdKclpXVmFPR1ZJUVRGYWVYaGFhM2RWYzJWUGMySnFkRU5aVjB4b2FqRnVjbWRHTjJoSVQyOUxRMlZFVXpabFREUjBkRVZ1WTBSMlJGcE9iemh4T0dWRFpUbFNNVzF4YlhOdlIwTnNSRFpqY0VONU5WTnJjVEpZUW5wWVQxbEZWbW93ZDBkSE5VUTVNR0V6U0dOdE1scERZbWREVjBaaGJXbEpPSGRjTDBsb04yZDBkVVpMTjJKeFV6VkZjRGsxVTNOdVFteElPV1ZuVEhwdWIzZGFVM05tVG14Y0wzUktaa0kxY0VGSFNUVTVaRE0wTVU1aUszZFhOM0JjTDNWcWVUQjRiMmQwVkdadFdGd3ZjRzkxVFRKeFhDOVlaalZ3Y0ROVlFqQTBlazFyYUhkS1UwOU9VMVZ6ZVZwc2NURnVWR013V0RSclFWWkRjVkZjTDBwS1YwZEtLM2RqVTJWTE1VbGhYQzh3WWpkU1MyYzlQU0lzSW0xaFl5STZJbUk0TkRjM00yRmhZVGM0T0RKaVpHWTFPREJrTmpFek5UQXpOVEZqTnpSaU5USmlZbUV3WTJOak1UUTFZbVptTXpjeVl6TmxOMlkzTmpSak1qazJNRFFpZlE9PQ==',1494475735),
	('tXFMIv384WpcB02uj1Bhx3K5cq8S1YJeKJs88KMQ',1,'119.2.19.101','Mozilla/5.0 (Windows NT 10.0; Win64; x64) AppleWebKit/537.36 (KHTML, like Gecko) Chrome/58.0.3029.81 Safari/537.36','ZXlKcGRpSTZJbmxVWTNNM2RWZFlaMjFDV1ZWQ1NrOU9OblVyZVdjOVBTSXNJblpoYkhWbElqb2ljVE01TkhkRllWbFlaRGhUTmtaeVZGaHVOMlZyUkhwNmIyTkljVE4xZVVSWmJWYzBWMVZwTTBOa2RrZ3dPVlowUVVkMVlYRkNTVll6VjBVMmVWQkpiSGRNTWtsS2RsSkRVRFJQTlU4MGVuRnFWMk5PV0doMWN6aHdVU3RvWVRrNE5sQnNXREJxT1ZaelRYTTNVSFI0YVdKVlRYRmhYQzlNZWtwSFdsZzBUVzR6WkhKM04xVXdiR2hKYVZWd2JFbFhUSGhuVG1sSk1Ua3JNSHBtZW1kMk5VMWxPVzFIYUZ3dlJFODFlV0ZOWlVaS00yaEhTMjlTWVRGaFMzcENlR2RsWmtwV1hDOXVaMVZsZGxoNVdsd3ZVVWhOT1daUFpYSnNUV1JZZEhGUmRWRmFNbWMxUjBReVlsSjJNSG8yYVVkMWRXbEljM0ZQU0cxR1JEZDJabU5SV0c5Mll6ZG5ZMk5JUW5CSGFXbG1aVTlTWVdObGVscDFaRWRvVEVoTldIRTJWMkkxWWtoRmEyVlRhR0kzZDJ3MlVIUmNMMnBITldOelIwNVpjbTlaTkZ3dlVrSk5ZV3RxWW1oU1JWQjROU3RQVDI1dGJFNUxZbFJ4VmpOamVHSjJVelJZVjBSS2MyRTBka3MxTVRKcFUwbGtSMUZHUWxoclVqVlZNREU0ZEhoVVRFbDZNa1ZjTDJWT2FGSmNMMEl3T1dZemMzbDZiRVJxV1V0TVRreDBibnBpV21ZemN6WlhXalJVWVd0dU4yVkRTRk55U2pGNGIwYzNlVkUxZFVGQ1oxcExURFZaY1dwVFJVUkVTRlpZYm1wdVl6Tm5SM3BpTUdzd1dscFJaejA5SWl3aWJXRmpJam9pTnpJNVlUSXdaR1JpTVRsbVltTTNPVGszWXpKa05EQmtOR1U0TWpNd01qTTROR1U1TURaa05qZzBOalpsTkRkaVpqWmlNak00WXpjME5UQXhNV1prWmlKOQ==',1494472938),
	('VmLNpcDhsSEJMhSp2lDMB4pDSaSluX1p3GS3THLx',NULL,'119.2.19.101','Mozilla/5.0 (Linux; Android 4.4.2; HTC Desire 820G PLUS dual sim Build/KOT49H) AppleWebKit/537.36 (KHTML, like Gecko) Version/4.0 Chrome/30.0.0.0 Mobile Safari/537.36','ZXlKcGRpSTZJbk5VV0dGcmRIcHNZbUV5Y1d4bVFXZEdRME5PTkVFOVBTSXNJblpoYkhWbElqb2lSRkJ5V0d4YVFqSTJZMlZ4TkZGdlEwY3hLekkwWVdJMlVFOVNVWEI0TXpGMmNVSmFNMFJRZHpWdU9IcG9UVzV1ZGpZclN6bHBObE5OWkdkMVoxd3ZUVk5PY1V4dk1sUTVkVk5LZVU4NFFVTldWVmgzV2xselltZE5LMlpZYkhSSlNqZGtOVVZjTDBWM09HRk5jazVHTkVJd2NGcEdSbGRaWTF3dlpFZGFOR1pKU1haWGFEZzFVSHBYTkd3ME1WUmFWMkZ4VjJzeWFYVTVVRmhrV2swNFpUQjJVakphU2pZeVlVTTVhMlJDVnpGSVdWcG5kWE4zWTNsV2J6bGNMMUJ1TjFONk9WcFJRazV6Ykd4T2NYTlBUbHBSU0hkV1kybzFVM0JuVEVVMVVWSlJjbE5jTDNOMlprOVNSVVJ3YVhNNEsxRkpURmx4ZFRWeFpFaG5ZMmt3VkhoNWFsTXpJaXdpYldGaklqb2lNbU0yTnpNNE9HSTRObVV5TW1SbVkyRmpOREEzTnpNMU5qWmtaRFl5TWpVeE56STBaRGxrWVRKbE9HRTJNVEEzTnpCbE1UWTBaV1UzWlRkaVpHRXpNQ0o5',1494468329);

/*!40000 ALTER TABLE `sessions` ENABLE KEYS */;
UNLOCK TABLES;


# Dump of table shopping_address
# ------------------------------------------------------------

DROP TABLE IF EXISTS `shopping_address`;

CREATE TABLE `shopping_address` (
  `id` int(10) unsigned NOT NULL AUTO_INCREMENT,
  `u_id` int(11) NOT NULL DEFAULT '0' COMMENT '所属用户id',
  `user_name` varchar(191) COLLATE utf8mb4_unicode_ci NOT NULL DEFAULT '' COMMENT '收货人信息',
  `phone` varchar(191) COLLATE utf8mb4_unicode_ci NOT NULL DEFAULT '' COMMENT '手机号',
  `country_id` int(11) NOT NULL DEFAULT '0' COMMENT '国家id',
  `province_id` int(11) NOT NULL DEFAULT '0' COMMENT '省id',
  `city_id` int(11) NOT NULL DEFAULT '0' COMMENT '市',
  `area_id` int(11) DEFAULT '0' COMMENT '区',
  `address` varchar(500) COLLATE utf8mb4_unicode_ci NOT NULL DEFAULT '' COMMENT '区',
  `is_default` tinyint(1) NOT NULL DEFAULT '0' COMMENT '是否为默认',
  `deleted_at` timestamp NULL DEFAULT NULL COMMENT '删除标示',
  `created_at` timestamp NOT NULL DEFAULT CURRENT_TIMESTAMP,
  `updated_at` timestamp NULL DEFAULT NULL,
  `unique_uid` varchar(191) COLLATE utf8mb4_unicode_ci NOT NULL DEFAULT '' COMMENT '用户标识符',
  `uid` int(11) NOT NULL DEFAULT '0' COMMENT '用户id',
  PRIMARY KEY (`id`)
) ENGINE=InnoDB DEFAULT CHARSET=utf8mb4 COLLATE=utf8mb4_unicode_ci;

LOCK TABLES `shopping_address` WRITE;
/*!40000 ALTER TABLE `shopping_address` DISABLE KEYS */;

INSERT INTO `shopping_address` (`id`, `u_id`, `user_name`, `phone`, `country_id`, `province_id`, `city_id`, `area_id`, `address`, `is_default`, `deleted_at`, `created_at`, `updated_at`, `unique_uid`, `uid`)
VALUES
	(1,630,'李伟','18792655911',1,2,3,0,'115号',0,'2017-05-09 01:15:45','2017-04-27 09:23:35',NULL,'642559164315298dc1a89092ad51fc44',630),
	(2,630,'测试','18636388569',1,2,3,0,'ssss',0,'2017-04-27 17:24:05','2017-04-27 10:22:47',NULL,'642559164315298dc1a89092ad51fc44',630),
	(3,630,'我','18911036892',1,2,3,0,'天溪园16号楼1单元',0,'2017-05-07 17:52:57','2017-04-27 11:01:54',NULL,'642559164315298dc1a89092ad51fc44',630),
	(4,630,'xxxx','18795655911',1,2,3,0,'buyiu',1,'2017-05-07 20:29:21','2017-04-28 01:24:39',NULL,'642559164315298dc1a89092ad51fc44',630),
	(5,630,'111','11111',1,2,3,0,'111111',0,'2017-05-03 17:19:13','2017-04-28 02:48:54',NULL,'642559164315298dc1a89092ad51fc44',630),
	(6,645,'Jj','2555566',1,2,3,0,'Jjj',0,'2017-05-08 23:01:37','2017-05-02 09:13:48',NULL,'fb5702660ea9fd2a12f08b95b530da7c',645),
	(7,630,'史鹏飞','18636388569',1,14,15,0,'sssss',1,NULL,'2017-05-04 03:18:02',NULL,'642559164315298dc1a89092ad51fc44',630),
	(8,148,'Uyuh','666666',1,2,3,0,'Jjjj',0,'2017-05-08 19:16:41','2017-05-04 03:19:48',NULL,'74ccefdc304fef25186d5319d2f8d90a',148),
	(9,571,'k l k l','5333',1,2,3,0,'是啊de',1,NULL,'2017-05-04 03:22:00',NULL,'edc6ce90590ebd97406f5342f454397f',571),
	(10,148,'Uyuh','666666',1,2,3,0,'Jjjj',0,NULL,'2017-05-04 03:22:54',NULL,'74ccefdc304fef25186d5319d2f8d90a',148),
	(11,654,'Yg','555',1,2,3,0,'Hhh',1,NULL,'2017-05-04 05:43:12',NULL,'fb5702660ea9fd2a12f08b95b530da7c',654),
	(12,668,'李剑锋','18810434543',1,2,4,0,'mxmskskk',0,'2017-05-08 19:40:41','2017-05-06 09:15:53',NULL,'4b8f4ea6990c9eebc2767f39f3c7515d',668),
	(13,645,'Busher','3633',1,2,13,0,'Lee',0,'2017-05-08 23:01:34','2017-05-06 09:47:26',NULL,'fb5702660ea9fd2a12f08b95b530da7c',645),
	(14,645,'You','333',1,14,31,0,'You',0,'2017-05-08 23:01:31','2017-05-06 09:49:33',NULL,'fb5702660ea9fd2a12f08b95b530da7c',645),
	(15,645,'反反复复','1111111111',1,2,3,0,'特服独特',1,'2017-05-08 23:01:28','2017-05-08 03:16:35',NULL,'fb5702660ea9fd2a12f08b95b530da7c',645),
	(16,668,'手机壳哦哦','18810001000',1,2,3,0,'对你的密码',0,'2017-05-08 22:59:52','2017-05-08 03:17:50',NULL,'4b8f4ea6990c9eebc2767f39f3c7515d',668),
	(17,676,'uuu','666',1,2,3,0,'jjj',1,'2017-05-09 04:55:47','2017-05-08 06:41:13',NULL,'32150d6eb3d0b7d89f470fad9fbfdae1',676),
	(18,630,'测试','1863638569',1,14,17,0,'11111',0,'2017-05-07 22:58:58','2017-05-08 06:54:54',NULL,'642559164315298dc1a89092ad51fc44',630),
	(19,494,'Uuuuuuuu','333',1,2,3,0,'Huh',1,'2017-05-08 03:39:48','2017-05-08 09:17:11',NULL,'0cf8f3fd2e8b0bc95d9ce8a244055169',494),
	(20,494,'张三','11011011011',1,2,3,0,'对面面对面',0,NULL,'2017-05-08 11:40:26',NULL,'0cf8f3fd2e8b0bc95d9ce8a244055169',494),
	(21,494,'李四','18818818818',1,2,4,0,'计算机打开',1,NULL,'2017-05-08 11:44:09',NULL,'0cf8f3fd2e8b0bc95d9ce8a244055169',494),
	(22,668,'赵六','18484964647997',1,2,4,0,'你先忙都没什么',1,'2017-05-08 22:59:50','2017-05-09 01:41:47',NULL,'4b8f4ea6990c9eebc2767f39f3c7515d',668),
	(23,692,'灭秦','16184545434315',1,14,15,0,'575666',1,'2017-05-08 22:57:36','2017-05-09 06:46:26',NULL,'32150d6eb3d0b7d89f470fad9fbfdae1',692),
	(24,692,'5556','955566',1,2,6,0,'55426688',1,'2017-05-08 23:09:49','2017-05-09 06:57:57',NULL,'32150d6eb3d0b7d89f470fad9fbfdae1',692),
	(25,690,'Zhang','01025689462',1,2,5,0,'Quaid',0,NULL,'2017-05-09 07:48:40',NULL,'7991a0024aafd393185562e31be91ccb',690),
	(26,668,'点击大家觉得','18464646101',1,2,3,0,'都没买打开',1,'2017-05-09 00:23:02','2017-05-09 08:11:32',NULL,'4b8f4ea6990c9eebc2767f39f3c7515d',668),
	(27,668,'Kekou','369369',1,2,4,0,'Koukou',0,'2017-05-09 04:50:06','2017-05-09 08:23:38',NULL,'4b8f4ea6990c9eebc2767f39f3c7515d',668),
	(28,692,'面对疾风吧','16434343443434343',1,14,15,0,'7676767646764',0,NULL,'2017-05-09 09:04:44',NULL,'32150d6eb3d0b7d89f470fad9fbfdae1',692),
	(29,692,'婆婆婆','7646464664',1,2,3,0,'MS哦婆婆婆婆和',0,'2017-05-09 04:20:05','2017-05-09 09:08:10',NULL,'32150d6eb3d0b7d89f470fad9fbfdae1',692),
	(30,692,'646464','64643434',1,2,3,0,'ROM婆婆婆',1,NULL,'2017-05-09 09:09:39',NULL,'32150d6eb3d0b7d89f470fad9fbfdae1',692),
	(31,690,'خنلتمو','01058963254',1,14,21,0,'ابنةفنىريل643',1,NULL,'2017-05-09 09:15:31',NULL,'7991a0024aafd393185562e31be91ccb',690),
	(32,668,'Shannon','979449',1,2,3,0,'Abandoned',1,'2017-05-09 22:59:03','2017-05-09 13:14:25',NULL,'4b8f4ea6990c9eebc2767f39f3c7515d',668),
	(33,668,'Sjsj','6446',1,2,3,0,'Sn',1,'2017-05-10 18:30:08','2017-05-10 07:38:21',NULL,'4b8f4ea6990c9eebc2767f39f3c7515d',668),
	(34,693,'272','64464',1,2,3,0,'Jxjddj',1,NULL,'2017-05-10 08:09:53',NULL,'f62786492ed8123ce919ced66c8a5bed',693),
	(35,694,'Hhwhwj','49499',1,14,15,0,'Znjj',1,NULL,'2017-05-10 08:56:24',NULL,'a1411cd4e576264597efd53a4b9817f6',694),
	(36,645,'Isis','4646466464',1,2,3,0,'882828',1,NULL,'2017-05-10 09:09:00',NULL,'fb5702660ea9fd2a12f08b95b530da7c',645),
	(37,690,'Hjs','1564683794',1,55,75,0,'Hhd',0,NULL,'2017-05-10 10:35:51',NULL,'7991a0024aafd393185562e31be91ccb',690),
	(38,148,'3212','6544555',1,37,38,0,'854556',1,NULL,'2017-05-10 10:38:38',NULL,'74ccefdc304fef25186d5319d2f8d90a',148);

/*!40000 ALTER TABLE `shopping_address` ENABLE KEYS */;
UNLOCK TABLES;


# Dump of table social_logins
# ------------------------------------------------------------

DROP TABLE IF EXISTS `social_logins`;

CREATE TABLE `social_logins` (
  `id` int(10) unsigned NOT NULL AUTO_INCREMENT,
  `user_id` int(10) unsigned NOT NULL,
  `provider` varchar(32) COLLATE utf8mb4_unicode_ci NOT NULL,
  `provider_id` varchar(191) COLLATE utf8mb4_unicode_ci NOT NULL,
  `token` varchar(191) COLLATE utf8mb4_unicode_ci DEFAULT NULL,
  `avatar` varchar(191) COLLATE utf8mb4_unicode_ci DEFAULT NULL,
  `created_at` timestamp NULL DEFAULT NULL,
  `updated_at` timestamp NULL DEFAULT NULL,
  PRIMARY KEY (`id`),
  KEY `social_logins_user_id_foreign` (`user_id`),
  CONSTRAINT `social_logins_user_id_foreign` FOREIGN KEY (`user_id`) REFERENCES `users` (`id`) ON DELETE CASCADE
) ENGINE=InnoDB DEFAULT CHARSET=utf8mb4 COLLATE=utf8mb4_unicode_ci;



# Dump of table users
# ------------------------------------------------------------

DROP TABLE IF EXISTS `users`;

CREATE TABLE `users` (
  `id` int(10) unsigned NOT NULL AUTO_INCREMENT,
  `name` varchar(191) COLLATE utf8mb4_unicode_ci NOT NULL,
  `email` varchar(191) COLLATE utf8mb4_unicode_ci NOT NULL,
  `password` varchar(191) COLLATE utf8mb4_unicode_ci DEFAULT NULL,
  `status` tinyint(3) unsigned NOT NULL DEFAULT '1',
  `confirmation_code` varchar(191) COLLATE utf8mb4_unicode_ci DEFAULT NULL,
  `confirmed` tinyint(1) NOT NULL DEFAULT '0',
  `remember_token` varchar(100) COLLATE utf8mb4_unicode_ci DEFAULT NULL,
  `created_at` timestamp NULL DEFAULT NULL,
  `updated_at` timestamp NULL DEFAULT NULL,
  `deleted_at` timestamp NULL DEFAULT NULL,
  PRIMARY KEY (`id`),
  UNIQUE KEY `users_email_unique` (`email`)
) ENGINE=InnoDB DEFAULT CHARSET=utf8mb4 COLLATE=utf8mb4_unicode_ci;

LOCK TABLES `users` WRITE;
/*!40000 ALTER TABLE `users` DISABLE KEYS */;

INSERT INTO `users` (`id`, `name`, `email`, `password`, `status`, `confirmation_code`, `confirmed`, `remember_token`, `created_at`, `updated_at`, `deleted_at`)
VALUES
	(1,'Admin Istrator','shop@admin.com','$2y$10$sN7yyyl4ZpaB7dhl/EybOOLNLXCfXDxTJmYX/IBNO335CZ03h.QjO',1,'03388ac614d76efbc5406c092a38387e',1,'hQXAJo1besUABqe4fHfHGPE0l2LI1Six6U73dPpNU5GdOG4GLWceQZZyu5m0','2017-04-18 23:54:19','2017-04-18 23:54:19',NULL),
	(2,'Backend User','shop@ebk.com','$2y$10$HMom0bWuF6nDpHP21fpcT.yymZRt3Dfd6OSi7KoVRN/rEbPOwiAAq',1,'741c4bd6204737716b6b4c3bd1bb0c30',1,NULL,'2017-04-18 23:54:20','2017-04-18 23:54:20',NULL),
	(4,'yaoyao','yao@yao.com','$2y$10$q96xASSbpwyOWuInaZbi..8YMnSoAMTEO4zZbRQxppnQyOtp.O0FK',1,'b89dcd0e788ad7d0793a5c758d3c5932',1,'hgV3pCd3FOtf1D30ZAD1Gbt5iDhHvLo0V9m9HL5teI7sEAZExVvqB2xaMOar','2017-05-04 20:36:08','2017-05-04 20:42:54',NULL);

/*!40000 ALTER TABLE `users` ENABLE KEYS */;
UNLOCK TABLES;



/*!40111 SET SQL_NOTES=@OLD_SQL_NOTES */;
/*!40101 SET SQL_MODE=@OLD_SQL_MODE */;
/*!40014 SET FOREIGN_KEY_CHECKS=@OLD_FOREIGN_KEY_CHECKS */;
/*!40101 SET CHARACTER_SET_CLIENT=@OLD_CHARACTER_SET_CLIENT */;
/*!40101 SET CHARACTER_SET_RESULTS=@OLD_CHARACTER_SET_RESULTS */;
/*!40101 SET COLLATION_CONNECTION=@OLD_COLLATION_CONNECTION */;
